,studio,number_published,average_score
0,Pine Street Codeworks LLC,1,95
1,2D Boy,4,94
2,Draknek,1,93
3,Number None Inc.,3,92
4,Sirvo LLC,1,92
5,Yakuto,1,92
6,Joel Mcdonald,1,92
7,tobyfox,3,92
8,Risky Lab LLC,1,92
9,Fangamer,2,92
10,KUNST-STOFF,1,91
11,"Dekovir, Inc.",1,91
12,kunst-stoff GmbH,1,91
13,Cold Beam Games Ltd,2,91
14,Henry Smith,1,91
15,SQUARE ENIX INC,1,91
16,Dinofarm Games,1,91
17,iam8bit,1,91
18,Flashbulb ApS,1,91
19,Brighter Minds,1,90
20,First Class Simulations,1,90
21,Atropos Studios ,2,90
22,Jean-Francois Geyelin,1,90
23,Vectorpark.com,1,90
24,A Sharp,1,90
25,KLICKTOCK,1,90
26,"Vectorpark, Inc.",1,90
27,Matt Rix,1,90
28,989 Studios,1,90
29,Prank Ltd.,1,90
30,Stray Robot Games,1,90
31,Snowman,2,90
32,Rocketcat LLC,2,90
33,"Napoleon Games, s.r.o.",1,90
34,Rayark International Limited,1,90
35,Ironhide S.A.,1,90
36,Riverman Media LLC,3,89
37,Psygnosis,4,89
38,Looking Glass Studios,4,89
39,Element 5,1,89
40,Kyle Poole,1,89
41,Crecent Moon Games LLC,1,89
42,Nenad Katic,1,89
43,Collecting Smiles,1,89
44,atebits,1,89
45,Kimmo Lahtinen,1,89
46,Senri AB,1,89
47,PLAYDEAD,1,89
48,TheCodingMonkeys,3,89
49,"GAIA CO.,LTD.",2,89
50,Andreas Illiger,2,89
51,"BeaverTap Games, LLC",4,89
52,3909,2,89
53,Sam Barlow,2,89
54,RareSloth LLC,2,89
55,Team Cherry,2,89
56,Playsport Games Ltd,2,89
57,Matt Makes Games Inc.,7,88
58,CD Projekt,7,88
59,Peter Stock,1,88
60,1337 Game Design,2,88
61,Gilded Skull Games,1,88
62,Bungie Aerospace Corporation,1,88
63,Hidden Variable Studios,2,88
64,Subset Games,4,88
65,Matous Jezek,1,88
66,Christian West,1,88
67,Galactic Cafe,1,88
68,MildMania,1,88
69,Douglas Cowley,1,88
70,Czech Games Edition,1,88
71,Prettygreat Pty. Ltd.,1,88
72,ConcernedApe,2,88
73,carlos marques,1,88
74,Yacht Club Games,1,88
75,Linden Lab,2,88
76,D-Pad Studio,2,88
77,Eric Farraro,2,88
78,BitFinity,2,88
79,Motion Twin,5,87
80,Jast,1,87
81,Polytron Corp.,5,87
82,Gameforge,1,87
83,Ancient Corp,1,87
84,Mossmouth,4,87
85,The Fighter,1,87
86,Almost Human,3,87
87,Mango Down,1,87
88,Be-Rad Entertainment LLC,1,87
89,"Thekla, Inc",4,87
90,Wanderlands,1,87
91,Cryptozoic Entertainment,1,87
92,The Fighter Collection,1,87
93,Matt Thorson,2,87
94,Studio MDHR,2,87
95,Fixpoint Productions Ltd.,1,87
96,Andy Wallace,1,87
97,Secret Crush,1,87
98,ZORG,1,87
99,"BebopBee, Inc",1,87
100,Loju,1,87
101,Luke Holland LTD,1,87
102,Armel Jestin,1,87
103,Alex Vilassak,1,87
104,Tiger Style,4,87
105,Supergiant Games,1,87
106,Infinite Fall,3,87
107,Sodesco,3,87
108,Brace Yourself Games,5,87
109,Turn 10,8,87
110,Steph Thirion,2,87
111,"Venan Entertainment, Inc.",2,87
112,ZEN Studios Ltd.,2,87
113,RAC7 Games,2,87
114,Bungie Software,1,86
115,Godzilab,5,86
116,Revolution,3,86
117,Shenandoah Studio,3,86
118,Team Meat,5,86
119,Facepalm Games,5,86
120,Blizzard Entertainment,4,86
121,New Star Games,1,86
122,Hemisphere Games,3,86
123,JohnnyTwoShoes,1,86
124,Touch Foo,2,86
125,Indiagames Limited,2,86
126,Cardboard Computer,4,86
127,Treehouse Ltd,1,86
128,Spilt Milk Studios Ltd,1,86
129,Colaboratory,1,86
130,Michael Brough,3,86
131,Black Mesa Modification Team,1,86
132,Campfire Creations,1,86
133,Experimental Gameplay Group,1,86
134,Rovio Stars Ltd,1,86
135,webbfarbror AB,3,86
136,5 Ants,1,86
137,Thomas Bowker,1,86
138,Microsoft Corporation,1,86
139,Featherweight Games Pty Limited,1,86
140,Oddrok Oy,1,86
141,Daniel Mullins Games,1,86
142,"Bluehole, Inc.",2,86
143,Simogo,9,86
144,"Mika Mobile, Inc.",3,86
145,Terry Cavanagh,6,86
146,Asymmetric Publications,2,86
147,"Activision Publishing, Inc.",2,86
148,RedOctane,8,85
149,Square EA,1,85
150,Annapurna Interactive,1,85
151,Nayantara Studios,1,85
152,SoftLab Laboratories,2,85
153,Graveck,1,85
154,BonusLevel.org,1,85
155,Snappy Touch,2,85
156,Fun Infused Games,1,85
157,"Fargoal, LLC",1,85
158,Fluttermind,1,85
159,bad monkee,1,85
160,"Indeeo, Inc.",1,85
161,Neowiz Entertainment,1,85
162,Nevercenter Ltd. Co.,2,85
163,Pieces Interactive AB,1,85
164,Productions Multimage Inc.,1,85
165,Jack,1,85
166,drool Games,3,85
167,White Whale Games,1,85
168,Fireproof Games,5,85
169,Aaron McElligott,1,85
170,ten foiled hats UG haftungsbeschraenkt & Co KG,1,85
171,"H2 Interactive Co., Ltd.",1,85
172,Snapshot Games Inc.,1,85
173,amulware,1,85
174,Bifrost Entertainment,2,85
175,Drool,4,85
176,Anomaly Studios Pte Ltd,1,85
177,Game Alliance,1,85
178,Patrick Cook,1,85
179,Parallel Circles,1,85
180,Dreamloop Games,1,85
181,Jacob Janerka,1,85
182,Polyarc,1,85
183,Onion Games,1,85
184,inkle,7,85
185,Valve Software,3,85
186,Indiagames,2,85
187,Majic Jungle Software,2,85
188,Jellyoasis Inc.,2,85
189,One Man Left,4,85
190,Grinding Gear Games,2,85
191,YoYo Games Ltd.,2,85
192,QCF Design,2,85
193,Superbrothers,2,85
194,"Semi Secret Software, LLC",2,85
195,KillHouse Games,2,85
196,One Man Left Studios,4,85
197,Jason Roberts,4,85
198,YoYo Games,2,85
199,"Sega Of America, Inc.",2,85
200,Sabotage Studio,2,85
201,Edmund McMillen,3,84
202,PagodaWest Games,3,84
203,Kenny Sun,3,84
204,Enhance Games,6,84
205,CD Projekt Red Studio,1,84
206,ArenaNet,7,84
207,Dodge Roll,4,84
208,Moppin,4,84
209,Tyler Glaiel ,1,84
210,Aldorlea Games,1,84
211,Firemint,8,84
212,Bryan Mitchell,1,84
213,mobcast inc.,1,84
214,ustwo,5,84
215,Zombie Cow Studios,1,84
216,OtherWise Games,1,84
217,Lake Effect Applications,1,84
218,Art in Games,1,84
219,2x2 Games,1,84
220,increpare,2,84
221,Clockwork Pixels,2,84
222,APD Inc.,1,84
223,ClutchPlay Games,1,84
224,Social Titans LLC,1,84
225,Ironhide Game Studio,2,84
226,Michael Burns,2,84
227,Casual Labs LLC,1,84
228,Laura Shigihara,1,84
229,Rocket City Studios,1,84
230,Through Games,1,84
231,Clint Siu,1,84
232,Dumb and Fat Games,1,84
233,Super Evil Megacorp,1,84
234,Game-Labs,1,84
235,Dinosaur Polo Club,3,84
236,Felwig Games LLP,1,84
237,Layton Hawkes,1,84
238,"IndieBox, Inc.",2,84
239,Anim Ace,1,84
240,Colin Lane Games AB,1,84
241,Robot Circus Pty Ltd,1,84
242,Terrible Toybox,4,84
243,Tarsier Studios Publishing AB,1,84
244,Kalypso Media Mobile GmbH,1,84
245,DrinkBox Studios,1,84
246,Tom Happ,6,84
247,Amanita Design,8,84
248,HIPSTER WHALE,4,84
249,Zach Gage,7,84
250,"Playdek, Inc.",6,84
251,Loveshack Entertainment,3,84
252,Madgarden,2,84
253,Wandake,2,84
254,"Days Of Wonder, Inc.",2,84
255,"Asterizm Co., Ltd",2,84
256,Rayark Inc.,2,84
257,Feral Interactive,4,84
258,Arnold Rauers,4,84
259,Days Of Wonder,2,84
260,My Dog Zorro,2,84
261,Metanet Software Inc.,7,83
262,Firaxis Games,4,83
263,Joakim Sandberg,3,83
264,Rocketcat Games,9,83
265,Image & Form,1,83
266,Firemint Pty Ltd,7,83
267,Konjak,5,83
268,Red Orb Entertainment,1,83
269,Sonalysts,2,83
270,Moonpod,1,83
271,Bright Night Games,1,83
272,Indiagames Ltd.,2,83
273,The Iconfactory,1,83
274,OOO Gameprom,3,83
275,Berzerker Games,1,83
276,Cellar Door Games,6,83
277,Two Lives Left,1,83
278,Flightless,1,83
279,Mikengreg,3,83
280,iQubi Inc.,1,83
281,Endless Fluff,1,83
282,Monkube,1,83
283,Flat Black Films,1,83
284,Fallen Tree Games,2,83
285,Giant Army,1,83
286,Redigit,2,83
287,Clueless Little Muffin,1,83
288,Ragtime Games LLC,1,83
289,OMGPOP,1,83
290,SilverTree Media,2,83
291,Berzerk Studio,1,83
292,Zee-3,1,83
293,Hope This Works Games Inc.,1,83
294,Double Jungle S.a.s.,1,83
295,Michael Falk,1,83
296,Freshuu Inc.,1,83
297,FTL Team,2,83
298,Crate Entertainment,1,83
299,Gamer Delights,2,83
300,Picnic Hippo Studios,1,83
301,Iddiction,1,83
302,Inverse Blue,1,83
303,Naquatic LLC,1,83
304,Wolfgame,1,83
305,Droqen,1,83
306,Mother Gaia Studio,1,83
307,X4 Games,1,83
308,Drifter's Church Productions,1,83
309,Tequila Games Sp. z o.o.,1,83
310,Doragon Entertainment,1,83
311,Pixbits SRL,1,83
312,Sirlin Games,1,83
313,F2Z Digital Media Inc.,1,83
314,Jordan Pearson,1,83
315,IAN SNYDER,1,83
316,Ninja Crime,1,83
317,Jin Man Kim,1,83
318,GalaxyTrail,3,83
319,Bad Crane Ltd,1,83
320,Tyson Ibele,1,83
321,Endnight Studios,1,83
322,Praxia Entertainment Inc,1,83
323,Rainbow Train,1,83
324,DropForge Games,1,83
325,Mighty Games,1,83
326,MP2 Games,2,83
327,Daniel Wright,1,83
328,Sorath,1,83
329,Alike Studio,2,83
330,505  Games,1,83
331,Zadbox Entertainment,1,83
332,Villa Gorilla,4,83
333,Team D-13,1,83
334,"Terrible Toybox, Inc.",1,83
335,Drifter Entertainment,1,83
336,Bobby Li,1,83
337,Out Of The Park Developments,2,83
338,The Fullbright Company,5,83
339,FuturLab,1,83
340,Witch Beam,3,83
341,X2 Games,3,83
342,Sarah Northway,3,83
343,JapanStudio,2,83
344,EA Mobile,2,83
345,Secret Exit Ltd.,2,83
346,House on Fire,2,83
347,Red Hook Studios,6,83
348,Veewo Games,2,83
349,Clever Endeavour Games,2,83
350,Cloudhead Games ltd.,2,83
351,Secret Exit,2,83
352,Epic Games,3,82
353,Butterscotch Shenanigans,5,82
354,Humble Hearts,6,82
355,Kumobius,4,82
356,Horberg Productions,4,82
357,MTV Games,2,82
358,Pixelbite,5,82
359,Broderbund,1,82
360,FDG,2,82
361,Seven Lights,2,82
362,Bit Blot,1,82
363,Codito Development Inc.,1,82
364,BigStack Studios,1,82
365,gamedoctors,1,82
366,Blue Carrot Games,1,82
367,Stunlock Studios,2,82
368,"Final Form Games, LLC",2,82
369,Image & Form International AB,2,82
370,Nano Titans,1,82
371,tap tap tap,1,82
372,Zee 3 Limited,2,82
373,Tom Janson,1,82
374,Nordisk Film Games Publishing,1,82
375,Squid In A Box,1,82
376,The Game Kitchen,2,82
377,Level Up Labs,1,82
378,GAMEVIL USA Inc,1,82
379,Demruth,1,82
380,Wild Shadow Studios,1,82
381,Angry Bugs,1,82
382,Whitaker Blackall,1,82
383,Game Stew,1,82
384,3 Cubes Research Limited,1,82
385,Ambient Studios,1,82
386,Asteroid Base,4,82
387,Experimental Gameplay,1,82
388,Little Bobby,1,82
389,Glowingpine Studios HB,1,82
390,Jeffrey Fal,1,82
391,Davey Wreden,2,82
392,Neven Mrgan,1,82
393,Alan Hazelden & Harry Lee,1,82
394,Heart Machine,4,82
395,Arkadium,1,82
396,Counterplay Games,1,82
397,Matthias Titze,1,82
398,Alliance Digital Media,1,82
399,Hammer & Chisel Inc,1,82
400,FiolaSoft Studio,1,82
401,Damian Sommer,1,82
402,Foxhole Games LLP,1,82
403,"Freehold Games, LLC",1,82
404,Boncho Games,1,82
405,DMM GAMES,2,82
406,ThirtyThree Games,1,82
407,Righteous Hammer Games,1,82
408,Rocket Jump,1,82
409,Blue Wizard Digital Ltd.,3,82
410,Kaigan Games OU,1,82
411,All Yes Good,1,82
412,Fntastic,1,82
413,Larian Studios Games Ltd,1,82
414,Respawn Entertainment,8,82
415,Oddworld Inhabitants,1,82
416,Westwood Studios,9,82
417,Mimimi Productions,4,82
418,Red Candle Game,3,82
419,Sony Interactive Entertainment LLC,3,82
420,Rockstar Games,1,82
421,Laser Dog,5,82
422,SUPERHOT,5,82
423,Kiloo ApS,8,82
424,Cat in a Box Games,2,82
425,Blue Manchu,2,82
426,Gionathan Pesaresi,2,82
427,Sekai Project,2,82
428,"GHI Media, LLC",2,82
429,Tencent,2,82
430,Mythic Entertainment,5,81
431,Runic Games,5,81
432,Stoic,1,81
433,Sports Interactive,2,81
434,Hexage.net,3,81
435,LambdaMu Games,3,81
436,Blendo Games,3,81
437,Bertil Horberg,6,81
438,Robot Invader,3,81
439,Hexage,3,81
440,Splashteam,3,81
441,Grubby Games,2,81
442,Lucky Frame,4,81
443,Studio Pixel,4,81
444,Failbetter Games,4,81
445,Blue Wizard Digital,4,81
446,The Behemoth,1,81
447,Chucklefish,8,81
448,Kojima Productions,1,81
449,ODENIS Studios,2,81
450,Void Star Creations,1,81
451,Mika Mobile,2,81
452,38 Studios,1,81
453,"Spark Plug Games, LLC",1,81
454,BLUE WIND,1,81
455,Rock Pocket Ltd,1,81
456,"FreshGames, LLC",1,81
457,Twitchy Thumbs,1,81
458,ACNE Play,1,81
459,BlipTime Studios,1,81
460,Ratrod Studio Inc.,1,81
461,Magic Cube,1,81
462,Endless Wave Software LLC,1,81
463,Copenhagen Game Collective,1,81
464,Ian MacLarty,2,81
465,ShockPanda Games,1,81
466,Joost van Dongen,1,81
467,Delusion Studio Inc.,1,81
468,Break Media,1,81
469,Glow Play,1,81
470,Manic Game Studios,1,81
471,RaLight Solutions,1,81
472,"Mobile Snap, LLC",1,81
473,ByteSize Games,1,81
474,Raptus Games,1,81
475,Red Winter Software Limited,4,81
476,Right Square Bracket Left Square Bracket Games,2,81
477,Cie Games,1,81
478,AppAbove Games LLC,1,81
479,BonusXP,1,81
480,Johamm Tael & Mihkel Tael,2,81
481,Application Systems Heidelberg Software GmbH,1,81
482,Chilli Hugger,1,81
483,Otto-Ville Ojala,1,81
484,Tom Francis,2,81
485,Iron Tower Studio,1,81
486,31x Limited,1,81
487,Luderia Jogos Digitais Ltda,1,81
488,Force Of Habit,1,81
489,Team Colorblind,1,81
490,POSSIBLE GAMES Kft.,1,81
491,Metalhead Software,5,81
492,Martin Magni,2,81
493,Night School Studio,5,81
494,Space Bears S.A.S,1,81
495,Awfully Nice Studios,1,81
496,tinyBuild LLC,1,81
497,Yak & Co,1,81
498,"NRG Energy, Inc.",1,81
499,Energetic Holdings Limited,1,81
500,Kyle Seeley,1,81
501,D3 Go!,1,81
502,Team Oneshot,1,81
503,Whippering,1,81
504,Versus Evil LLC,1,81
505,Red Winter Software,4,81
506,Charm Games,1,81
507,Tencent Games,1,81
508,Netflix,1,81
509,SquareSoft,2,81
510,Donut Games,5,81
511,SCE Santa Monica,9,81
512,Invisible Handlebar,3,81
513,Ska Studios,6,81
514,Locomalito,6,81
515,Action Button Entertainment,3,81
516,Panic Inc.,3,81
517,kunabi brother GmbH,3,81
518,Digital Sun,3,81
519,Game Freak,2,81
520,Pocketwatch Games,4,81
521,Capybara Games,2,81
522,Illusion Labs,6,81
523,Kieffer Bros.,2,81
524,Mindware,2,81
525,ZeptoLab,1,81
526,First Touch,2,81
527,superflat games,4,81
528,Trinket Studios,2,81
529,Sparpweed,2,81
530,Playground Publishing B.V.,2,81
531,Clever-Plays,2,81
532,Noodlecake Studios,2,81
533,Aurelien Regard,2,81
534,Protostar,2,81
535,Adriaan de Jongh,2,81
536,Flying Oak Games,2,81
537,Monomi Park,2,81
538,Vlambeer,8,80
539,GameTap,1,80
540,Gavina Games,3,80
541,"Butterscotch Shenanigans, LLC",3,80
542,1Button SARL,3,80
543,Steel Crate Games,3,80
544,"Spry Fox, LLC",4,80
545,Lucid Games,7,80
546,Survios,7,80
547,Ghost Town Games Ltd.,8,80
548,Hello Games,1,80
549,Treasure,1,80
550,Solecismic Software,1,80
551,Venan Entertainment,1,80
552,Grey Dog Software,1,80
553,Raptisoft,3,80
554,93 Games Studio,1,80
555,Recoil Games,2,80
556,Team Phobic,1,80
557,Geardome,2,80
558,Xona Games,1,80
559,Marco Mazzoli,1,80
560,Atakama Labs Inc,1,80
561,"Atlus U.S.A., Inc.",2,80
562,lbxgames,2,80
563,Mark White,1,80
564,MoStar,1,80
565,Playsoft,1,80
566,int13,1,80
567,Noumenon Games,1,80
568,"Game Insight, LLC",1,80
569,Recluse Industries,1,80
570,Liv Games,3,80
571,Flash Technical,2,80
572,Mugeaters,1,80
573,Fusion Reactions,2,80
574,XperimentalZ Games,3,80
575,Jonathan Kreuzer,1,80
576,Aquiris Game Studio,3,80
577,Delirium Studios S.L.,1,80
578,Mediocre AB,7,80
579,Creative Mobile Games,1,80
580,Nano Titans Co.,1,80
581,Ndemic Creations,2,80
582,JoyMasher,1,80
583,BitMonster Games,1,80
584,VAP Games,1,80
585,roll7,1,80
586,RebelTwins,1,80
587,Checkbox Studios Pty Ltd,1,80
588,Eleftherios Christodoulatos,1,80
589,Twisted Tree,1,80
590,Rejected Games,1,80
591,Frogmind,6,80
592,Vladimir Hrincar,1,80
593,Carlsen Games,2,80
594,Majesco Entertainment,1,80
595,The Astronauts,3,80
596,IGS Software Publishing,1,80
597,Angel VGD LTD,1,80
598,Touch Dimensions,1,80
599,Fermenter,1,80
600,Andrew Armstrong,1,80
601,Acid Wizard Studio,1,80
602,CMA Megacorp,1,80
603,Aleksei Kalinin,1,80
604,Slothwerks,1,80
605,Rocket 5 Studios Inc,1,80
606,Tree Men Games,2,80
607,Oink Games Inc.,1,80
608,Two Men and a Dog,1,80
609,TRIADA Studio,1,80
610,The Good Mood Creators,1,80
611,Gambrinous,2,80
612,Overhype Studios,1,80
613,SYBO,1,80
614,EcoTorque Games,1,80
615,Yunus Ayyildiz,1,80
616,StressLevelZero,1,80
617,Fabraz,5,80
618,Andrew Morrish,1,80
619,Gerald Kelley,1,80
620,Abrakam SA,1,80
621,Fermenter Games,1,80
622,Out of Bounds,1,80
623,@unepic_fran,1,80
624,Excalibur Games,1,80
625,Keren Software LLC,1,80
626,Woblyware,1,80
627,Tribetoy,1,80
628,frecle ApS,1,80
629,Little Lost Fox,1,80
630,Nicalis,3,80
631,Flippfly,7,80
632,SkyGoblin,5,80
633,Hi-Rez Studios,8,80
634,Rubicon Development Ltd.,4,80
635,"Spacetime Studios, LLC",4,80
636,Grumpyface Studios,4,80
637,ROCKFISH Games,4,80
638,Housemarque,1,80
639,X.D. Network Inc.,3,80
640,Introversion,8,80
641,Gaijin Games,1,80
642,Capy Games,1,80
643,Nerial,5,80
644,11 bit studios,2,80
645,Nitako,2,80
646,Schell Games,2,80
647,Simutronics Corp,2,80
648,Eyebrow Interactive,2,80
649,Die Gute Fabrik,4,80
650,Sos,2,80
651,OutOfTheBit Ltd,2,80
652,Lee-Kuo Chen,2,80
653,Philipp Stollenmayer,2,80
654,Rubicon,2,80
655,TreeFortress Games,2,80
656,KO-OP,2,80
657,Spellbind Studios,2,80
658,Bulbware,2,80
659,FDG Mobile Games GbR,2,80
660,Mike Bithell,1,79
661,SMG Studio,7,79
662,WeirdBeard B.V.,3,79
663,Triumph Studios,1,79
664,Rare Ltd.,3,79
665,Chair Entertainment,8,79
666,Trapdoor,4,79
667,Northway Games,4,79
668,Messhof,5,79
669,Nitrome,1,79
670,Klei Entertainment,2,79
671,U.S. Army,3,79
672,eGenesis,1,79
673,Illwinter Design Group,2,79
674,Tower Studios,1,79
675,Storm Eagle Studios,2,79
676,Psyonix,7,79
677,Pentavision Entertainment,2,79
678,Petri Purho,1,79
679,iRacing.com Motorsport Simulations ,1,79
680,The Binary Mill,1,79
681,Acceleroto,1,79
682,Questionary,1,79
683,"ADEPT Games, LLC",1,79
684,Ankama,3,79
685,Physmo,2,79
686,MrFungFung,2,79
687,Medusa,1,79
688,Revolutionary Concepts,4,79
689,Nimbly Games,1,79
690,"ZWorkbench, Inc.",1,79
691,On5,1,79
692,Fire Maple Games,1,79
693,Doctor Entertainment,2,79
694,Cosmos Interactive Inc.,1,79
695,Philip C,1,79
696,4A Games,1,79
697,vol-2,1,79
698,Mail.Ru,1,79
699,FEINHEIT GmbH,1,79
700,Engineous Games Inc.,1,79
701,Groundbreaking Games,1,79
702,Uglysoft,1,79
703,Digital Tales,3,79
704,Disney Software,2,79
705,Playdek,2,79
706,Bravery,1,79
707,ClearCut Games,1,79
708,SevenOnly,1,79
709,Alistair Aitcheson,1,79
710,Buyi Xu,1,79
711,UNCADE,1,79
712,dreamtab,2,79
713,Blyts,1,79
714,Spry Fox,8,79
715,Game Oven,1,79
716,Secret Base Pte Ltd,1,79
717,"Gimka Entertainment, Inc.",1,79
718,Gala Pocket Inc.,1,79
719,Nathan Malville,1,79
720,Richard Hofmeier,1,79
721,STUDIO EVIL,2,79
722,Prior Games Ltd,1,79
723,Kenneth Wong,1,79
724,John Dunbar,1,79
725,Chestnut Studio,1,79
726,Whitaker Trebella,1,79
727,Peter Smith,1,79
728,ZeMind Game Studio Ltd,1,79
729,Powerhoof,2,79
730,Static Oceans Corp,1,79
731,Untame,2,79
732,David OReilly,2,79
733,Playdots Inc.,1,79
734,BluBox,1,79
735,Cobra Mobile Limited,1,79
736,Edge Case Games,1,79
737,Kermorio S.A.,1,79
738,Pixelnest Studio,1,79
739,Oh So Shiny,1,79
740,Power Place Publishing LP,1,79
741,IronOak Games,1,79
742,The Sidekicks,1,79
743,The Gentlebros,4,79
744,Ruckert Broductions,1,79
745,First Contact Entertainment,1,79
746,Mixtvision,1,79
747,Akupara Games,1,79
748,"LegionVR, LLC",1,79
749,IlluminationGames,1,79
750,Big Evil Corporation,1,79
751,Harmonix Music Systems,5,79
752,Tin Man Games,1,79
753,Cave,1,79
754,ZeptoLab UK Limited,8,79
755,Amazon Game Studios,4,79
756,Mobigame,6,79
757,6waves Lolapps,3,79
758,PlayStation Mobile Inc.,3,79
759,Armor Games,1,79
760,Rockstar San Diego,3,79
761,SFB Games,5,79
762,Vblank Entertainment Inc.,7,79
763,BlitWorks,7,79
764,17-Bit,7,79
765,Defiant Development,9,79
766,Ninja Kiwi,2,79
767,"Imangi Studios, LLC",4,79
768,Chaotic Box,4,79
769,EA Partners,2,79
770,Fireflame Games,2,79
771,Appular,2,79
772,Noodlecake Studios Inc,2,79
773,EightyEight Games LTD,4,79
774,White Paper Games,2,79
775,Greenheart Games,2,79
776,"Gameblyr, LLC",2,79
777,"Castle Pixel, LLC.",2,79
778,Mad Fellows Ltd,2,79
779,Ready at Dawn,1,78
780,Certain Affinity,5,78
781,GT Interactive,1,78
782,Kairosoft Co. Ltd,1,78
783,Fantasy Flight Games,3,78
784,Ravensburger Digital GmbH,4,78
785,Rovio Stars Ltd.,4,78
786,PopCap,5,78
787,Ronimo Games,8,78
788,Ninja Theory,1,78
789,Q Games,2,78
790,Liquid Edge Games,1,78
791,Masque Publishing,1,78
792,Rovio Mobile,1,78
793,Vivendi Universal Games Mobile,1,78
794,Riot Games,1,78
795,Lazy 8 Studios,2,78
796,SCE Australia,1,78
797,Harvester Games,2,78
798,Resolution Interactive AB,2,78
799,Alexandre Minard,1,78
800,Brisk Mobile Inc,1,78
801,Streaming Colour Studios,1,78
802,The Voxel Agents,6,78
803,Lost Pixels,1,78
804,Project Soul,5,78
805,Retro Dreamer,4,78
806,YuPlay,1,78
807,Starfruit Games,1,78
808,Radiangames,9,78
809,TwoHeads Games,1,78
810,Firi Games,1,78
811,Villain,1,78
812,24 Carat Games,1,78
813,One Minute Games,1,78
814,A&E Television Networks,1,78
815,Backabit,1,78
816,Red Panda Games,1,78
817,Nyarlu Labs,2,78
818,Coatsink Software,3,78
819,Toge Productions,1,78
820,NEWTYPE K.K.,1,78
821,KnapNok Games,2,78
822,supermono limited,1,78
823,Monster and Monster,1,78
824,"Zabu Studio, Inc.",1,78
825,Lightstorm3D,1,78
826,Penny Skateboards Australia,1,78
827,Silicon Jelly,2,78
828,Wade McGillis,1,78
829,MobileFWD,1,78
830,"SoMoGa, Inc.",1,78
831,Tvndra Producties,1,78
832,The Walking Dead: Assault,1,78
833,Modulaatio Games,1,78
834,Orange Pixel,1,78
835,Ty Taylor and Mario Castaneda,6,78
836,Gato Salvaje Studio,1,78
837,Jesse Venbrux,3,78
838,SPACEHOPPER STUDIOS LTD,1,78
839,"Wither Studios, LLC",1,78
840,Denis Mikan,1,78
841,Alex Rose,2,78
842,Bit By Bit Studios,1,78
843,5-Bits Games,1,78
844,TOO DX,1,78
845,Kiloo,6,78
846,Dingaling,1,78
847,Mohawk Games,1,78
848,Maxistentialism,1,78
849,Fullbright,3,78
850,Darrin Henein,1,78
851,Lightwood Games,1,78
852,Lab Like Sp. z o.o.,1,78
853,Hopoo Games,3,78
854,Numinous Games,1,78
855,Swery,1,78
856,Muro Studios Ltd.,2,78
857,Spooky Doorway,2,78
858,24 Caret Games,1,78
859,Something Classic Games LLC,1,78
860,Platonic Partnership,1,78
861,Mixed Realms Pte Ltd,1,78
862,Cat Head Productions Inc.,1,78
863,SideBar Games,1,78
864,Fatbot Games,1,78
865,Team Salvato,1,78
866,Firesprite,1,78
867,Evan Rogers,1,78
868,Zodiac Interactive,1,78
869,ROCKFISH Games GmbH,1,78
870,Wereviz,1,78
871,Insomniac Games,2,78
872,EA Sports,4,78
873,Tarsier Studios,8,78
874,Mode 7 Games,6,78
875,Origin8,5,78
876,Foursaken Media,1,78
877,Autumn Games,5,78
878,Alientrap,5,78
879,Remedy Entertainment,1,78
880,Q Entertainment,2,78
881,Pasta Games,8,78
882,Get Set Games,3,78
883,Juicy Beast Studio,3,78
884,Secret Base,3,78
885,Grab Games,3,78
886,Introversion Software,3,78
887,Crazy Viking Studios,3,78
888,Question,3,78
889,Frictional Games,9,78
890,DONTNOD Entertainment,3,78
891,Mojang AB,1,78
892,Denki,2,78
893,Pelfast,2,78
894,Limbic Software,2,78
895,"2XL Games, Inc.",4,78
896,Tactile Entertainment,2,78
897,Yellow Monkey Studios Pvt. Ltd.,2,78
898,Rusty Moyher,2,78
899,ALPER SARIKAYA,2,78
900,Michael Todd Games,2,78
901,LookAtMyGame,2,78
902,Lunar Ray Games,2,78
903,UKIYO PUBLISHING LIMITED,4,78
904,BioWare,7,77
905,Io Interactive,4,77
906,SSI,7,77
907,Rodeo Games,7,77
908,Overhaul Games,7,77
909,NimbleBit LLC,7,77
910,Tatem Games,3,77
911,Zachtronics Industries,6,77
912,BootdiskRevolution,6,77
913,Gears for Breakfast,3,77
914,Spotlightor Interactive,3,77
915,Bizarre Creations,2,77
916,Stardock,3,77
917,The Quantum Astrophysicists Guild,8,77
918,Cyan Worlds,1,77
919,"Jackbox Games, Inc.",1,77
920,NCSOFT,2,77
921,Microsoft,8,77
922,PureSim,1,77
923,Cheapass Games,1,77
924,Knowledge Adventure Inc.,2,77
925,Acclaim Games,1,77
926,Himalaya Studios,1,77
927,ND Games,1,77
928,Ossian Studios,2,77
929,Agharta Studio,4,77
930,Tag Games,2,77
931,777 Studios,1,77
932,GameResort LLC,1,77
933,RedLynx Ltd,4,77
934,Low Five Games,1,77
935,"Capcom Interactive, Inc.",1,77
936,Unit9,1,77
937,Big Bucket Software,3,77
938,Launching Pad Games,2,77
939,Thunder Game Works,2,77
940,Monad,1,77
941,SkyVu Pictures,1,77
942,"Tapulous, Inc.",1,77
943,Meridian Digital Entertainment Limited,1,77
944,StarQuail,1,77
945,Black Pants,2,77
946,Jellyvision Games,1,77
947,Re-Logic,2,77
948,Secret Sauce,1,77
949,Majestic Software,1,77
950,Four Thirty Three,1,77
951,Alien Worm Studios,1,77
952,Tough Guy Studios,1,77
953,Bad Seed,2,77
954,Blue Bottle Games,1,77
955,Goldhawk Interactive,1,77
956,UglyApps,1,77
957,"NIVAL, INC.",2,77
958,Damp Gnat Ltd,1,77
959,Black Pants Studio,1,77
960,Proletariat Inc.,1,77
961,Betaworks One,2,77
962,Necrophone,2,77
963,Execution Labs,1,77
964,Run Games,1,77
965,DETUNE,1,77
966,Alexander Trowers,1,77
967,grapefrukt games,1,77
968,Dan FitzGerald,2,77
969,Sky Tyrannosaur,1,77
970,Mi-Clos Studio,3,77
971,David O'Reilly,1,77
972,Square One Games,1,77
973,AppBox Media,1,77
974,"3 Minute Games, LLC",1,77
975,Netmarble Games Corp.,3,77
976,CHUN LUNG KUO,1,77
977,Outerminds Inc.,1,77
978,Monogon Games,1,77
979,Lucky Kat Studios,2,77
980,Tilting Point Spotlight,1,77
981,THE BROTHERHOOD,2,77
982,Sleepy Z Studios Pty Ltd,1,77
983,Nathan Meunier,1,77
984,Sketchy Logic,1,77
985,IndieGala,1,77
986,Cardboard Utopia,2,77
987,Thunderbox Entertainment G.P.,1,77
988,WeirdBeard,4,77
989,Double Fine Presents,1,77
990,Wargaming Group Limited,1,77
991,Paperash studio,1,77
992,Wispfire,1,77
993,Humble Bundle,2,77
994,GUTS Department,2,77
995,Event Horizon Software,1,77
996,WZOGI,1,77
997,Polyphonic LP Pty Ltd,1,77
998,Nyamakop,2,77
999,Application Systems Heidelberg,3,77
1000,Bad Habit Productions,1,77
1001,Big Pixel Studios,9,77
1002,Zen Studios,7,77
1003,Spiderweb Software,6,77
1004,PomPom Games,4,77
1005,Disney Mobile Studios,8,77
1006,PixelJam Games,4,77
1007,DotEmu,1,77
1008,Big Daddy's Creations,4,77
1009,Beamdog,8,77
1010,Brain&Brain,4,77
1011,Acid Nerve,4,77
1012,Shaun Sullivan,3,77
1013,Infinite Dreams Inc.,1,77
1014,Interplay,4,77
1015,Llamasoft,1,77
1016,id Software,2,77
1017,Fatshark,3,77
1018,Creative Bytes,3,77
1019,EA Sports Big,3,77
1020,Cipher Prime Studios,5,77
1021,Dreadbit,5,77
1022,Tequila Works,1,77
1023,Relentless Software,7,77
1024,M2,2,77
1025,Retro Affect,2,77
1026,Spooky Squid Games,2,77
1027,Rain Games,1,77
1028,Those Awesome Guys,2,77
1029,Ben Esposito,2,77
1030,Anarteam,2,77
1031,"Atari, Inc.",2,77
1032,Double Fine Productions,5,76
1033,HAL Labs,2,76
1034,Turbine Inc.,1,76
1035,Miniclip.com,1,76
1036,Mountain Sheep,5,76
1037,League of Geeks,5,76
1038,Dawn of Play,3,76
1039,Robot Entertainment,9,76
1040,Supercell,3,76
1041,Headup Games GmbH & Co KG,3,76
1042,Cygames,3,76
1043,Mi'pu'mi Games,3,76
1044,Wadjet Eye Games,1,76
1045,Graphsim Entertainment,4,76
1046,The Game Bakers,9,76
1047,Red Barrels,1,76
1048,Obsidian Entertainment,4,76
1049,Bungie,2,76
1050,Nerve Software,7,76
1051,ngmoco,7,76
1052,Amplitude Studios,7,76
1053,Q-Games,2,76
1054,5TH Cell,1,76
1055,Curve Studios,2,76
1056,Paradox Development Studio,4,76
1057,G.O.D.,1,76
1058,Oteeva,1,76
1059,Three Rings,3,76
1060,Disney Online,4,76
1061,Tommo,1,76
1062,Outerlight,1,76
1063,Retro 64,1,76
1064,Hidden Path Entertainment,8,76
1065,"Playful Entertainment, Inc.",1,76
1066,IonFX,1,76
1067,nocanwin,1,76
1068,Kristanix Games,1,76
1069,MAG Interactive,1,76
1070,Renderpaz,1,76
1071,PhobosLab,1,76
1072,Spaces of Play,4,76
1073,Simon Watson,1,76
1074,Tivola Publishing GmbH,1,76
1075,Trendy Entertainment,4,76
1076,Beatnik Games,1,76
1077,Hungry Game,1,76
1078,MagicalTimeBean,1,76
1079,Axolot,1,76
1080,Keesing Media Group B.V.,1,76
1081,Binary Takeover,1,76
1082,"fractiv, LLC",1,76
1083,"Trouble Brothers, LLC",1,76
1084,Fuelcell Games,1,76
1085,Turborilla,2,76
1086,Happymagenta,2,76
1087,Moonshot Games,1,76
1088,Jet Set Games,1,76
1089,DR Studios,1,76
1090,KITERETSU INC.,1,76
1091,Freebird Games,3,76
1092,Foundation Games,1,76
1093,Frontier Developments Ltd,4,76
1094,Distinctive,2,76
1095,"mode of expression, LLC",1,76
1096,Lace Mamba Global Ltd,1,76
1097,Serious Games Solutions GmbH,1,76
1098,Talawa Games,2,76
1099,Breach Entertainment Ltd,1,76
1100,Firedroid,1,76
1101,GameFly Games,1,76
1102,Will O'Neill,2,76
1103,Lava Level,1,76
1104,Lampert & Sons,1,76
1105,Jagex Ltd.,1,76
1106,Jeppe Carlsen,2,76
1107,"Star Command, LLC",1,76
1108,Gianluca Troiano,1,76
1109,NAMCO BANDAI Games Europe S.A.S.,1,76
1110,TOMAGameStudio,1,76
1111,Teku Studios ,2,76
1112,Funtomic (2008) LTD,1,76
1113,Kixeye,1,76
1114,Daniel Wilson,1,76
1115,Hinterland,3,76
1116,Chris Johnson,1,76
1117,Ernest Szoka,1,76
1118,Frank Condello,2,76
1119,Zillion Whales,3,76
1120,HES Interactive,1,76
1121,Night Dive Studios,4,76
1122,Boss Key,1,76
1123,Pixel Trap,1,76
1124,Finjitzu Software,1,76
1125,Dreamgate Studios,1,76
1126,semir Saleh,1,76
1127,Jussi Simpanen,2,76
1128,Gaddy Games,1,76
1129,Ansimuz Games,1,76
1130,Henchman & Goon,1,76
1131,La Cosa Entertainment,1,76
1132,Upfall Studios,1,76
1133,Rogue Rocket Games,1,76
1134,Duckbridge,1,76
1135,Fractal Phase,1,76
1136,ColePowered Games,1,76
1137,Everything Unlimited Ltd.,1,76
1138,Playdigious,1,76
1139,YCJY,1,76
1140,Bulkhead Interactive,3,76
1141,Neat Corporation,1,76
1142,Jeroen Wimmers,1,76
1143,"Marauder Interactive, LLC",1,76
1144,Secret Sorcery,1,76
1145,Mode4,1,76
1146,WZO Games,2,76
1147,SECRET SORCERY LIMITED,1,76
1148,Secret Sorcery Towers,1,76
1149,Gamera Games,1,76
1150,Irisloft,1,76
1151,Bitten Toast Games,1,76
1152,Merj Media,1,76
1153,Secret Location,1,76
1154,Game Revenant Ltd,1,76
1155,Zynga,1,76
1156,Bethesda Game Studios,4,76
1157,Wizards of the Coast,1,76
1158,Diezel Power,3,76
1159,Two Tribes,2,76
1160,Nintendo,6,76
1161,Zeboyd Games,7,76
1162,Gamevil,1,76
1163,NimbleBit,1,76
1164,Squad,5,76
1165,War Drum Studios,4,76
1166,SQUADTeam,4,76
1167,Kunos Simulazioni,4,76
1168,Harebrained Schemes LLC,1,76
1169,Sony Platform Publishing,3,76
1170,Unknown Worlds Entertainment,3,76
1171,TinkerHouse Games,3,76
1172,Toy Studio LLC,3,76
1173,Vladimir Beletsky,3,76
1174,Grip Digital,3,76
1175,Monolith Productions,3,76
1176,OrangePixel,1,76
1177,Darkwind Media,5,76
1178,Witching Hour Studios,5,76
1179,Crazy Monkey Studios,5,76
1180,Telltale Inc,2,76
1181,Tomorrow Corporation,7,76
1182,Respondesign,2,76
1183,Activision Blizzard,2,76
1184,nifflas,4,76
1185,machineboy,2,76
1186,Handelabra Studio LLC,2,76
1187,New World Interactive,2,76
1188,Auxbrain Inc,2,76
1189,NEXON M Inc.,2,76
1190,Grey Box,6,76
1191,Hammerfall Publishing,2,76
1192,Gunfire Games,4,76
1193,Ultra Ultra,2,76
1194,Sierra Games,1,75
1195,Fishlabs,7,75
1196,BEAUTIFUN GAMES SL,5,75
1197,S2 Games,3,75
1198,Ludosity Interactive,7,75
1199,Straandlooper,4,75
1200,MidBoss,4,75
1201,Raw Fury,1,75
1202,Tripwire Interactive,1,75
1203,Working Designs,1,75
1204,Level 5,5,75
1205,Elite Systems Ltd.,1,75
1206,Her Interactive,1,75
1207,.400 Software Studios,4,75
1208,MGame,2,75
1209,Dan Verssen Games,1,75
1210,Crimson Cow,1,75
1211,Mousechief,2,75
1212,Grigon Entertainment Co.,1,75
1213,ImpactGames,1,75
1214,Freeverse,7,75
1215,Charlie's Games,1,75
1216,KingIsle Entertainment,2,75
1217,Three Donkeys,2,75
1218,Jeffrey Yim,1,75
1219,Connect2Media,1,75
1220,Shaun Inman,2,75
1221,Barry Kostjens,1,75
1222,"Kotobuki Solution Co., Ltd.",1,75
1223,Press Play,6,75
1224,SRRN Games,1,75
1225,Cedar Hill Games Inc.,1,75
1226,EdisonGame,1,75
1227,Craneballs Studios LLC,1,75
1228,"Escalation Studios, LLC.",1,75
1229,NTT Resonant Inc.,4,75
1230,SKH Apps,1,75
1231,Game Studios,1,75
1232,Uncanny,1,75
1233,Forge 11,1,75
1234,Palzoun & SpinVector,1,75
1235,Cockroach Inc.,1,75
1236,Halfbot,1,75
1237,PunBros Games,1,75
1238,Rocket Bear Games,1,75
1239,Maciek Drejak Labs,1,75
1240,elpixo,1,75
1241,Motiga,2,75
1242,Ragtag Studio LLC,1,75
1243,cybertime,1,75
1244,"Replay Games, Inc.",2,75
1245,thechineseroom,1,75
1246,Drowning Monkeys LLC,1,75
1247,Playmous,1,75
1248,Don't Step On The Cracks,1,75
1249,Alkemi Games,3,75
1250,Powerful Robots,2,75
1251,Powerful Robot,1,75
1252,Cezary Rajkowski,3,75
1253,Playrise Digital,2,75
1254,First5 Games,1,75
1255,Webfarbror,1,75
1256,Phosfiend Systems,1,75
1257,Mobot Studios LLC,2,75
1258,Ludochip,1,75
1259,Triple-B-Titles,1,75
1260,Infinite Monkeys,2,75
1261,Kumotion Ltd,1,75
1262,Whalenought Studios LLC,1,75
1263,Etter Studio GmbH,1,75
1264,Screen 7,1,75
1265,Semidome Inc.,1,75
1266,Kostyantyn Salanda,1,75
1267,Pablo Molina Garcia,1,75
1268,SMILEMOTION OU,1,75
1269,Ghost of a Tale,1,75
1270,Ivy Games LLC,1,75
1271,House House,1,75
1272,"Double Damage Games, Inc.",1,75
1273,Tasty Poison Games,2,75
1274,5 Lives Studios,1,75
1275,Play It,2,75
1276,Cross-Product,1,75
1277,Yukitama Creative Industries,1,75
1278,Cublo Sp. z o.o.,1,75
1279,Plethora-Project LLC,1,75
1280,GuGames DEV,1,75
1281,Torched Hill,1,75
1282,Baroque Decay,2,75
1283,Cardboard Robot Games,1,75
1284,Borealys Games,3,75
1285,Happymagenta UAB,1,75
1286,Ocelot Society,1,75
1287,SeithCG,1,75
1288,Stormind Games,3,75
1289,Playniac,2,75
1290,Rice Cooker Republic,1,75
1291,Sindiecate Arts,1,75
1292,"Tozai Games, Inc.",2,75
1293,Next Studio,1,75
1294,Charles University,1,75
1295,Hero Concept,1,75
1296,SegaSoft,2,75
1297,Spike Chunsoft,3,75
1298,Halfbrick Studios,2,75
1299,Cartoon Network,1,75
1300,RedLynx,2,75
1301,Ace,5,75
1302,Iron Galaxy Studios,3,75
1303,Ysbryd Games,4,75
1304,"MADFINGER Games, a.s.",7,75
1305,FDG Entertainment,2,75
1306,Devolver Digital,9,75
1307,Wargaming.net,1,75
1308,Ghostfire Games,3,75
1309,"PlayFirst, Inc.",3,75
1310,Cold Beam Games,3,75
1311,TicToc Games,3,75
1312,Lince Works,6,75
1313,Benjamin Rivers,5,75
1314,Telltale Games,3,75
1315,Polarbit,7,75
1316,Tribute Games,1,75
1317,Sir-Tech Software Inc.,2,75
1318,Agatsuma Entertainment,2,75
1319,Meridian,2,75
1320,indiePub,4,75
1321,Atomicom,2,75
1322,SKS Games,2,75
1323,Smudged Cat Games,2,75
1324,The Men Who Wear Many Hats LLC,2,75
1325,PixelNAUTS,2,75
1326,Zoink!,1,75
1327,The Molasses Flood,4,75
1328,Hypersect,2,75
1329,Contingent99,2,75
1330,Perchang,2,75
1331,Asmodee Digital,2,75
1332,STELLAR ENTERTAINMENT SOFTWARE LTD,4,75
1333,Coconut Island Games,6,75
1334,Just Add Water,1,74
1335,Owlchemy Labs,7,74
1336,Double Eleven,2,74
1337,Thunder Lotus Games,7,74
1338,Microsoft Game Studios,3,74
1339,Crytek,2,74
1340,Twisted Pixel Games,8,74
1341,Hothead Games Inc.,8,74
1342,Gamerizon,6,74
1343,True Axis,6,74
1344,Bacon Bandit Games,3,74
1345,Exordium Games,3,74
1346,iNK Stories,3,74
1347,Long Hat House,3,74
1348,Black Box,1,74
1349,Kongregate,7,74
1350,Dakko Dakko,8,74
1351,Broken Rules,9,74
1352,Dejobaan Games,5,74
1353,Gamious,5,74
1354,Infinite State Games,5,74
1355,Turner Broadcasting System,6,74
1356,Toxic Games,7,74
1357,Square Enix,4,74
1358,Adult Swim,5,74
1359,Hothead Games,1,74
1360,Gearbox Software,7,74
1361,Jellyvision,8,74
1362,Pulse Entertainment,2,74
1363,Enix Corporation,7,74
1364,Flying Tiger Development,2,74
1365,Cosmigo,4,74
1366,Dingo Games,1,74
1367,bhv Software,1,74
1368,Sold Out Software,2,74
1369,Snail Game,2,74
1370,Unimatrix Productions,1,74
1371,Soldak Entertainment,5,74
1372,Wild Games,1,74
1373,GamesCampus,1,74
1374,IndieAn,1,74
1375,SGN,1,74
1376,PressOK Entertainment,3,74
1377,MTV Networks,1,74
1378,Mindstorm Studios,2,74
1379,FakePup,1,74
1380,Black Lab Games,3,74
1381,Small Wonders,1,74
1382,FreshPlanet Inc.,2,74
1383,Astro Ape Studios,1,74
1384,Bit Barons,1,74
1385,GAIJINWORKS,3,74
1386,NGD Studios,1,74
1387,Blizzard Classic Arcade,3,74
1388,Kristopher Peterson and Jaap Kreijkamp,1,74
1389,Industrial Brothers,1,74
1390,Shanblue Interactive,1,74
1391,Kiloo Games,2,74
1392,Wild Games Studio,1,74
1393,Slick Entertainment Inc.,2,74
1394,Shane Brouwer,1,74
1395,Nine Pound Studios,1,74
1396,Rat King Entertainment,1,74
1397,Kavcom Limited,1,74
1398,MinMax Games Ltd.,1,74
1399,subzero.eu,1,74
1400,Misfits Attic,2,74
1401,Hogrocket,1,74
1402,Hitbox ,3,74
1403,IceFlame Ltd,1,74
1404,LudoCraft Ltd.,1,74
1405,SeeThrough Studios,1,74
1406,Explore and Create Limited,1,74
1407,Three Sprockets ,1,74
1408,Moon Active,1,74
1409,Lions Gate Films Inc.,1,74
1410,Gametopia Games,1,74
1411,Snowbird Game Studios,1,74
1412,Kedlin Company,1,74
1413,flaregames GmbH,3,74
1414,D3PA,2,74
1415,Sony Computer Entertainment America LLC,1,74
1416,Kiz Studios,1,74
1417,Kitty Lambda Games,1,74
1418,Winning Blimp,1,74
1419,GNC Interactive,1,74
1420,ROSTLAUB,1,74
1421,"Uber Entertainment, Inc.",1,74
1422,Radial Games Corp.,2,74
1423,TwinSky Games,1,74
1424,Team Chaos LLC,1,74
1425,Strike Vector Team,2,74
1426,Igor Kalicinski,1,74
1427,Puny Human Games,2,74
1428,KLM Koninklijke Luchtvaart Maatschappij N.V.,1,74
1429,Kyttaro Tech Ltd,1,74
1430,Pinpin Team,1,74
1431,Yodo1 Games,1,74
1432,I FIGHT BEARS LTD,1,74
1433,Thumbr B.V.,1,74
1434,Daniel Walters,1,74
1435,Ragequit Corporation,2,74
1436,Avidly Wild Games,1,74
1437,Tabasco Interactive,1,74
1438,Ancient Games DS,1,74
1439,Investigate North Aps,1,74
1440,1337 & Senri LLC,3,74
1441,"Rogue Play, Inc.",1,74
1442,Cubus Games,2,74
1443,Christopher Savory,1,74
1444,1C Game Studios,1,74
1445,SkyBox Labs,1,74
1446,We Are Vigilantes,1,74
1447,Next Games Oy,1,74
1448,Maschinen-Mensch,1,74
1449,Studio Paint,1,74
1450,Wargaming World Ltd,1,74
1451,Thomas van den Berg,1,74
1452,Twice Circled,2,74
1453,Tilting Point,3,74
1454,shovelware games,1,74
1455,Pinkapp Games,1,74
1456,Dim Bulb Games,1,74
1457,Crows Crows Crows,1,74
1458,EuroVideo Medien GmbH,1,74
1459,"Revival Productions, LLC",1,74
1460,EarthWork Games,1,74
1461,Elden Pixels,2,74
1462,Dreamoji,1,74
1463,doublespeak games,1,74
1464,Eastshade Studios LLC,1,74
1465,Smiling Buddha Games,1,74
1466,Benjamin Lochmann New Media GmbH,1,74
1467,KONANDENKI,1,74
1468,Kavcom,1,74
1469,Crescent Marketing & Distribution,1,74
1470,Isbit Games,1,74
1471,ARTE France,1,74
1472,Bethesda Softworks,1,74
1473,Starbreeze,2,74
1474,Revolution Software,1,74
1475,State of Play Games,8,74
1476,Over the Top Games,7,74
1477,Backflip Studios,1,74
1478,"Telegames, Inc.",4,74
1479,Matrix Games,2,74
1480,"Orbital Media, Inc.",4,74
1481,HeroCraft Ltd.,4,74
1482,Ovosonico,4,74
1483,Crema Games,4,74
1484,Playism,1,74
1485,Behold Studios,7,74
1486,Vector Unit Inc.,3,74
1487,Somethin' Else,3,74
1488,Plug In Digital,2,74
1489,CremaGames,3,74
1490,D'Avekki Studios Limited,3,74
1491,Tikipod Limited,8,74
1492,Mouldy Toof Studios,8,74
1493,2K Games,2,74
1494,"Double Fine Productions, Inc.",5,74
1495,Atypical Games,5,74
1496,Hamster,7,74
1497,Team Ninja,4,74
1498,Nippon Ichi Software,4,74
1499,In2Games,2,74
1500,"Gamenauts, Inc.",2,74
1501,Erik Svedang,2,74
1502,Tag Games Limited,2,74
1503,Home Entertainment Suppliers,2,74
1504,"Booyah, Inc.",2,74
1505,Dogbyte Games,2,74
1506,Karateka LLC,2,74
1507,Santa Ragione,4,74
1508,Analgesic Productions,2,74
1509,Abbey Games,2,74
1510,Bromio,2,74
1511,Pixelated Milk,4,74
1512,Cosmic Picnic,2,74
1513,aeiowu,2,74
1514,Skydance Interactive,2,74
1515,Grand Cru Games,2,74
1516,Gamera Interactive,2,74
1517,SCEA,5,73
1518,Oberon Media,5,73
1519,odenis studio,5,73
1520,Maxis,6,73
1521,Over The Moon,8,73
1522,Capcom,5,73
1523,GarageGames,3,73
1524,The Game Atelier,3,73
1525,Logic Artists,3,73
1526,SR-71,1,73
1527,Nexon America Inc.,4,73
1528,Perfect World Entertainment,1,73
1529,Subatomic Studios,4,73
1530,FreakZone,4,73
1531,Degica,1,73
1532,Curve Digital,3,73
1533,dreamfab,5,73
1534,Avalanche Studios,2,73
1535,"Camouflaj, LLC",7,73
1536,Frontier Developments,3,73
1537,Haemimont Games,2,73
1538,Electronic Arts,8,73
1539,TimeGate Studios,1,73
1540,Sony Interactive Entertainment,6,73
1541,HPS Simulations,6,73
1542,FroGames,1,73
1543,SCS Software,5,73
1544,Screenlife Games,3,73
1545,Slick Entertainment,2,73
1546,MDNA Games,1,73
1547,Nocturnal Entertainment,1,73
1548,N-Fusion Interactive Entertainment Corp.,3,73
1549,Bight Games,1,73
1550,Nonverbal,1,73
1551,TipCat Mobile,1,73
1552,Semi Secret Software,3,73
1553,PikPok,1,73
1554,USM,2,73
1555,Spearhead Entertainment,1,73
1556,Little Guy Games Inc,1,73
1557,Fullscreen,1,73
1558,82 Inc.,1,73
1559,GameOn,1,73
1560,Axion Logic,1,73
1561,Loopycube,1,73
1562,Ars Thanea,1,73
1563,coolpowers,1,73
1564,Ailove LLC,1,73
1565,Adhesive Games,1,73
1566,Daniel Hooper,1,73
1567,CatfishBlues Games,1,73
1568,CB Labs,1,73
1569,Eighth Wonder Studios,1,73
1570,The Chinese Room,5,73
1571,Hutch,1,73
1572,Carbon Games,2,73
1573,Rumpus,1,73
1574,Fuzzy Logic (Pty) Ltd,1,73
1575,Crytek GmbH,1,73
1576,Rodiola Studios,1,73
1577,Ultra Runaway Games,1,73
1578,Three Phase Interactive Pty Ltd,1,73
1579,"BorderLeap, LLC",1,73
1580,FrozenGunGames,1,73
1581,Scopely - Top Free Apps and Games LLC,1,73
1582,SMS Services O.o.o.,1,73
1583,Transhuman Design,4,73
1584,Instant Kingdom,1,73
1585,Exato Game Studios,1,73
1586,Tilt Studios,1,73
1587,Pixel Toys,2,73
1588,David Mondou-Labbe,1,73
1589,Brute Farce,1,73
1590,Tribute Games Inc.,2,73
1591,Super Hippo Studios Limited,1,73
1592,Bitmap Galaxy,1,73
1593,Shining Rock Software,1,73
1594,Engaging Games LLC,1,73
1595,Kevin Choteau,1,73
1596,Gone North Games,1,73
1597,QIXEN-P DESIGN LLP,1,73
1598,Austin Ivansmith,1,73
1599,Alan Zucconi,1,73
1600,"Nyu Media, Ltd.",1,73
1601,"Fabian Schaub, Thomas Krueger",1,73
1602,Extend Interactive,2,73
1603,Funktronic Labs,4,73
1604,Relevo,1,73
1605,RageSquid,3,73
1606,Brianna W. Wu,1,73
1607,Pocket Trend,1,73
1608,"Playtap Games, LLC",1,73
1609,Kevin Bradford LLC,1,73
1610,Craneballs s.r.o.,2,73
1611,Polarity Flow,1,73
1612,Evan Todd,1,73
1613,Kittehface Software,1,73
1614,Neckbolt,1,73
1615,Many Monkeys,1,73
1616,Pixellore,1,73
1617,Dry Cactus,1,73
1618,Daylight Studios,4,73
1619,Jim Bonacci,1,73
1620,Aleksander Kauch,1,73
1621,MuHa Games,1,73
1622,Retroid Interactive,1,73
1623,Rotten Mage,2,73
1624,beyondthosehills,1,73
1625,Runestone Games Limited,1,73
1626,Cosmografik Studio,2,73
1627,PaperSeven,3,73
1628,Love Conquers All Games,1,73
1629,DolphinBarn,1,73
1630,Harmonious Games,1,73
1631,Piece of Cake studios,1,73
1632,PlayEveryWare,1,73
1633,TuoMuseo,1,73
1634,Gearbox Publishing,1,73
1635,War Ducks Ltd,1,73
1636,SIGONO INC.,2,73
1637,GameTomo,1,73
1638,Weather Factory,1,73
1639,Rainbite,1,73
1640,SONKA,1,73
1641,5pb,1,73
1642,LucasArts,1,73
1643,EA Games,2,73
1644,Renegade Kid,1,73
1645,Marvelous,7,73
1646,BeautiFun Games,6,73
1647,Team17 Software Ltd,9,73
1648,Ratloop Asia Pte Ltd,4,73
1649,Ravenous Games Inc.,1,73
1650,From Software,6,73
1651,Game Arts,2,73
1652,Active Gaming Media,1,73
1653,Virgin Interactive,6,73
1654,HotGen Ltd.,3,73
1655,Uber Entertainment,6,73
1656,Crackshell,3,73
1657,Green Lava Studios,3,73
1658,Sigtrap Games,3,73
1659,Oculus Studios,3,73
1660,Puppy Games,5,73
1661,Chillingo,1,73
1662,Chillingo Ltd,1,73
1663,SNK,1,73
1664,Monkeystone,2,73
1665,iGames,2,73
1666,HandyGames,2,73
1667,Futuremark Games Studio,4,73
1668,VooFoo Studios,1,73
1669,Cadenza,2,73
1670,Fire Hose Games,6,73
1671,Gazillion,4,73
1672,SpikySnail Games Studio,2,73
1673,Behold Studios Jogos Eletronicos LTDA ME,4,73
1674,Disparity Games,2,73
1675,Ripstone,3,73
1676,Digital Dreams,4,73
1677,Forest Moon Games,2,73
1678,Bossa Studios Ltd,4,73
1679,Mobile & Game Studio,2,73
1680,Naiad Entertainment,2,73
1681,Team Gotham,2,73
1682,High Horse Entertainment,2,73
1683,Four Horses,2,73
1684,2K Sports,1,72
1685,Atlus Co.,5,72
1686,Warner Bros.,9,72
1687,SCEI,1,72
1688,Digital Reality,1,72
1689,"Frozenbyte, Inc.",2,72
1690,Ponos,3,72
1691,"Beep Games, Inc.",3,72
1692,"Hassey Enterprises, Inc.",3,72
1693,Reptile,3,72
1694,Reign Bros,3,72
1695,Battlefront.com,1,72
1696,Hasbro Interactive,1,72
1697,Limited Run Games,3,72
1698,Abylight,1,72
1699,"Tetris Online, Inc",5,72
1700,Ravenous Games,1,72
1701,Kasedo Games,5,72
1702,Aqua Plus,5,72
1703,Mistwalker,7,72
1704,Rovio Entertainment,2,72
1705,Funcom,2,72
1706,Origin,2,72
1707,Zener Works,2,72
1708,Fun Com,1,72
1709,Rake in Grass,2,72
1710,Isotope 244,1,72
1711,CREOTEAM,1,72
1712,Cobra Mobile,2,72
1713,Handmark,1,72
1714,Murudai,1,72
1715,Unknown,1,72
1716,StormBASIC Games,1,72
1717,KLab,1,72
1718,PlayCreek,1,72
1719,Honeyslug Ltd,5,72
1720,Red Rocket Games,1,72
1721,Romper Games,1,72
1722,Mad Processor,1,72
1723,Spicysoft Corp.,2,72
1724,Brawsome,2,72
1725,Brendon Chung,1,72
1726,Haruneko,1,72
1727,P2 Games,1,72
1728,Tons of Bits,1,72
1729,Bolt Creative,1,72
1730,Ookoohko Oy,1,72
1731,Aidem Media,1,72
1732,ORiGO GAMES,3,72
1733,Room 4 Games Limited,1,72
1734,Picsoft Studio,1,72
1735,Index Corporation,1,72
1736,Loqheart,1,72
1737,"Massive Damage, Inc.",2,72
1738,RaceRoom Entertainment AG,1,72
1739,Omni Systems Limited,1,72
1740,Hortor,1,72
1741,Different Tuna,1,72
1742,Trigger Happy LLC,1,72
1743,Discord Games,1,72
1744,Daedalic Entertainment GmbH,1,72
1745,Fuzzy Wuzzy Games,1,72
1746,Turtle Sandbox LLC,1,72
1747,11Sheep,1,72
1748,Pop Sandbox,2,72
1749,Attribite AB,1,72
1750,Sean Hogan,1,72
1751,Whole Hog Games,1,72
1752,Stygian Software,1,72
1753,ZHI-YU HONG,1,72
1754,Terrible Posture Games,3,72
1755,Narcosis Team,1,72
1756,Alvin Phu,1,72
1757,Mighty Mill Games Ltd,1,72
1758,OhNoo,1,72
1759,Bear Box Media,1,72
1760,AHEARTFULOFGAMES,2,72
1761,Squarehead Studios,1,72
1762,2Awesome Studio,1,72
1763,Lucky Pause,1,72
1764,Baggy Cat Ltd,1,72
1765,Sandbox Interactive,1,72
1766,"Honor Code, Inc.",2,72
1767,Vivid Helix,2,72
1768,Suncrash,1,72
1769,Strange Company,1,72
1770,Noxy Games Inc.,1,72
1771,Frame Interactive,1,72
1772,Tri-Coastal Games,1,72
1773,Eden Games Mobile,2,72
1774,"Lion Shield, LLC",1,72
1775,inbetweengames,1,72
1776,Game Grumps,1,72
1777,Fast Travel Games,1,72
1778,Fish Eagle,2,72
1779,Fedor Danilov,1,72
1780,Huey Games,2,72
1781,Darjeeling,1,72
1782,Interactive Stone,1,72
1783,Ascaron Entertainment,1,72
1784,Jupiter Corporation,1,72
1785,Vector Unit,8,72
1786,Swing Swing Submarine,6,72
1787,"Young Horses, Inc",5,72
1788,Sony Online Entertainment,5,72
1789,InXile Entertainment,2,72
1790,G5 Entertainment,8,72
1791,SomaSim,4,72
1792,Atooi LLC,4,72
1793,Bulkypix,6,72
1794,Playbrains,7,72
1795,Milkstone Studios,6,72
1796,Colorbox,3,72
1797,Ivanovich Games,3,72
1798,Shortbreak Studios,3,72
1799,Shiro Games,3,72
1800,Active Gaming Media Inc.,6,72
1801,Double Damage Games,3,72
1802,Mothership Entertainment,3,72
1803,Pendulo Studios,1,72
1804,Red Thread Games,5,72
1805,GAMEVIL Inc.,2,72
1806,Grasshopper Manufacture,2,72
1807,Kevin Ng,2,72
1808,"Z2Live, Inc",4,72
1809,Mojo Bones,6,72
1810,Little Chicken Game Company B.V.,2,72
1811,Pixel Maniacs,2,72
1812,King.com,9,71
1813,34BigThings,5,71
1814,Sumo Digital,5,71
1815,Nighthawk Interactive,1,71
1816,Daybreak Games,3,71
1817,TT Games,6,71
1818,Ascaron Entertainment GmbH,1,71
1819,Choice Provisions,1,71
1820,Glu Mobile,2,71
1821,Channel 4,4,71
1822,SideQuest Studios,8,71
1823,Flying Wild Hog,1,71
1824,Red Storm Entertainment,2,71
1825,Golden Ruby Games,5,71
1826,Alawar Entertainment,5,71
1827,Ayopa Games LLC,1,71
1828,Crunching Koalas,1,71
1829,Sega,6,71
1830,TopWare,1,71
1831,Ocean,2,71
1832,Lucas Learning,1,71
1833,Frogster Interactive,3,71
1834,"Fallen Earth, LLC",1,71
1835,Basilisk Games,2,71
1836,ANACONDA,1,71
1837,Individual,2,71
1838,Nor Eagle,1,71
1839,starvingeyes,1,71
1840,interwave Games,2,71
1841,Deceased Pixel LLC,2,71
1842,Lonely Few,1,71
1843,Delirium Studios,3,71
1844,Buzz Monkey Software,1,71
1845,MindTrip Studios,1,71
1846,EightyEight Games,1,71
1847,Strapped to a Meteor,2,71
1848,Minority,2,71
1849,"Simple Machine, LLC",4,71
1850,Tindalos Interactive,3,71
1851,Hitcents,1,71
1852,Omni Systems,2,71
1853,Beeline Europe,2,71
1854,Watermelon,2,71
1855,Daniel Martins Novais,1,71
1856,Walk Thru Walls Studios,1,71
1857,Boss Baddie,1,71
1858,Six to Start,1,71
1859,One Side Software,1,71
1860,"Joystick Labs, LLC",2,71
1861,Aterdux Entertainment,1,71
1862,Heliceum,1,71
1863,Geeta Games,1,71
1864,Artifice Studio,2,71
1865,Midoki,1,71
1866,Synoptical Studios Ltd,1,71
1867,CBE software s.r.o.,1,71
1868,Breakfall,3,71
1869,Liquid Entertainment LLC.,1,71
1870,WARCHEST LIMITED,2,71
1871,Perrin,2,71
1872,Elephant Mouse LLC,1,71
1873,Raphael Blanchet,1,71
1874,Dark Seas Games,1,71
1875,Mana Games,1,71
1876,Petit Depotto,1,71
1877,KickBack,1,71
1878,Midnight City,1,71
1879,"Tap My Game, Inc.",1,71
1880,Constantin Graf,3,71
1881,Barking Mouse Studio,1,71
1882,Ironward,2,71
1883,Finji,6,71
1884,Grand Cru,1,71
1885,Icarus Games,1,71
1886,Qwiboo Ltd,1,71
1887,[bracket]games,4,71
1888,Numantian Games,1,71
1889,Infinitap Games,2,71
1890,Jesse Makkonen,2,71
1891,Lozange Lab,1,71
1892,PlayEveryWare Games,3,71
1893,Team Junkfish,1,71
1894,Game Insight,1,71
1895,Psychose Interactive Inc.,1,71
1896,Mango Protocol,2,71
1897,Ground Shatter Ltd.,1,71
1898,Pera Games,1,71
1899,Star Maid Games,1,71
1900,bromoco,1,71
1901,Animatoon Studio,1,71
1902,Ant Workshop Ltd,1,71
1903,JetCatGames,1,71
1904,Hyper Awesome Entertainment,1,71
1905,Hollow Ponds,2,71
1906,Eendhoorn Games,2,71
1907,team ok,1,71
1908,Digital Smash,1,71
1909,C.I.N.I.C. Games,2,71
1910,Catch & Release,1,71
1911,It's Anecdotal,1,71
1912,MythicOwl,1,71
1913,IzHard,1,71
1914,Junkfish Limited,1,71
1915,Matt Bitner,1,71
1916,No More Robots,1,71
1917,Robot Gentleman,1,71
1918,Perfect Hat,1,71
1919,Plausible Concept,1,71
1920,Inti Creates,3,71
1921,Gathering,4,71
1922,WB Games Montreal,9,71
1923,CCP,8,71
1924,Paradox Interactive,1,71
1925,Phoenix Online Studios,6,71
1926,Crescent Moon Games,5,71
1927,NeocoreGames,1,71
1928,Daedalic Entertainment,5,71
1929,Empty Clip Studios,4,71
1930,CyberConnect2,4,71
1931,Big Fish Games,1,71
1932,Slitherine,3,71
1933,Mages.,9,71
1934,Warm Lamp Games,3,71
1935,Teotl Studios,5,71
1936,Curve Digital Games,5,71
1937,HeroCraft,9,71
1938,W!Games,4,71
1939,Digital Legends Entertainment,4,71
1940,Performance Designed Products,2,71
1941,Replay Games,4,71
1942,Laughing Jackal,1,71
1943,Pixelocity Software LLC,2,71
1944,ColePowered,2,71
1945,Wooga,2,71
1946,Spearhead Games,6,71
1947,Last Limb Games,2,71
1948,MixedBag Srl,1,71
1949,MY.COM,2,71
1950,Flat Earth Games,2,71
1951,Unfinished Pixel,2,71
1952,Bishop Games,2,71
1953,Wish Studios,2,71
1954,Eagle Games,4,70
1955,Com2uS,1,70
1956,Mediatonic,1,70
1957,Craneballs Studios,3,70
1958,Hollow Tree Games,3,70
1959,Warner Bros. Interactive Entertainment,3,70
1960,Yuke's,7,70
1961,Witt Interactive Software,1,70
1962,Artifex Mundi,1,70
1963,Arc System Works,9,70
1964,"Alawar Entertainment, Inc",4,70
1965,King.com Limited,8,70
1966,ACE Team,1,70
1967,Green Hill,5,70
1968,Adventure Productions,5,70
1969,Surprise Attack,1,70
1970,Samurai Punk,5,70
1971,Flyhigh Works,1,70
1972,Fox Interactive,7,70
1973,Atlus,1,70
1974,Aksys Games,1,70
1975,Image Space Incorporated,1,70
1976,NEC Interchannel,2,70
1977,Gastronaut Studios,3,70
1978,StarWraith,1,70
1979,Diamond Mind,2,70
1980,First Star Software,1,70
1981,Petroglyph,1,70
1982,Tigon,5,70
1983,Ankama Games,3,70
1984,Bimboosoft,1,70
1985,Mind Candy,2,70
1986,Arkedo Studio,5,70
1987,MC2 Entertainment,1,70
1988,gamigo,1,70
1989,Namco Networks America,1,70
1990,TransGaming Inc.,1,70
1991,Little Worlds Studio,2,70
1992,"Big Sandwich Games, Inc.",2,70
1993,"Pixel Stream, LLC",1,70
1994,Cascadia Games,1,70
1995,Xpressed,1,70
1996,Gamelion Studios,1,70
1997,Nate Games,1,70
1998,BlackHiveMedia,1,70
1999,Sudokop,1,70
2000,Colin Walsh,1,70
2001,The Codemasters Software Company Limited,2,70
2002,Millipede Creative Development,1,70
2003,Endeavor Bros Interactive Software,1,70
2004,Com2uS USA,1,70
2005,Breakthrough Entertainment,1,70
2006,Red Wagon,1,70
2007,Swinecrafters LLC,1,70
2008,ScrewAttack LLC,4,70
2009,Robots and Pencils Inc.,1,70
2010,Gamesmold,2,70
2011,Arctic Empire,1,70
2012,PsychicParrot Games,1,70
2013,DoubleBear Productions,1,70
2014,Pixonauts,1,70
2015,SmashMouth Games,1,70
2016,Endgame Studios,1,70
2017,Smestorp Limited,1,70
2018,PIXOWL INC.,1,70
2019,Fenix Fire,1,70
2020,SmashMouth Games Ltd,1,70
2021,Hany Malek,1,70
2022,Underground Pixel,1,70
2023,Red Wagon Games,1,70
2024,Qwakers,1,70
2025,Danny Perski,1,70
2026,Monstars Inc.,2,70
2027,PunchBox Studios,2,70
2028,Axis Sivitz,1,70
2029,Spencer Cordes,1,70
2030,Moon Spider Studio,1,70
2031,Plarium Global Ltd,1,70
2032,Intelligence Engine Design Systems LLC,1,70
2033,Denby / Raze,1,70
2034,AppXplore Sdn Bhd,2,70
2035,Alexandre Ribeiro,1,70
2036,Metro Trains Melbourne Pty Ltd,1,70
2037,Large Animal Games,3,70
2038,Jon McKellan,1,70
2039,Korigame Entertainment LTD,1,70
2040,Necrosoft Games,1,70
2041,Stellar Jockeys,1,70
2042,Interbellum Team,1,70
2043,animdude,2,70
2044,232 Studios,1,70
2045,Glitchy Pixel,1,70
2046,Cagil Bektas,1,70
2047,Outsider Games,1,70
2048,Graviteam (R),1,70
2049,Heart Shaped Games LLC,1,70
2050,Roope Tamminen,1,70
2051,Killmonday Games HB,1,70
2052,Madruga Works,2,70
2053,Thomas Brush,1,70
2054,Rusty Lake,2,70
2055,Insane Code,1,70
2056,Outlands,1,70
2057,Tizona Interactive,1,70
2058,Xigma Games,1,70
2059,Bruno Dias,1,70
2060,Monster Couch,1,70
2061,Scott Ethington,1,70
2062,"CHIBIG, S.L.U.",1,70
2063,Picomy,1,70
2064,_No Company,2,70
2065,Techland,4,70
2066,Bandai Namco Games,2,70
2067,Chillingo Ltd.,1,70
2068,G.Rev,6,70
2069,Tecmo Koei America Corp.,2,70
2070,Namco,1,70
2071,SNK Playmore,5,70
2072,Everplay,8,70
2073,Dynamighty,4,70
2074,Studio Saizensen,8,70
2075,Wizard Fu Games,4,70
2076,13AM Games,7,70
2077,Milestone,3,70
2078,Ripstone Ltd,3,70
2079,Varkian Empire,3,70
2080,SCEE,2,70
2081,10tons Ltd,2,70
2082,Blue Byte,1,70
2083,Tozai Games,7,70
2084,Glu Games Inc.,1,70
2085,Codemasters,1,70
2086,Pam Development,8,70
2087,Oniric Games,2,70
2088,Distinctive Developments Ltd,2,70
2089,i-illusions,2,70
2090,Creative Mobile,2,70
2091,Red Redemption,2,70
2092,GlitchSoft,4,70
2093,osao,2,70
2094,Forge Reply,1,70
2095,Minor Key Games,2,70
2096,Roadhouse Games Ltd.,2,70
2097,E-Line Media,4,70
2098,Red Phantom Games,2,70
2099,New Blood Interactive,2,70
2100,Space Dust Studios,2,70
2101,Play It!,2,70
2102,Dan & Gary Games,2,70
2103,Shin'en,2,69
2104,Size Five Games,5,69
2105,Gameloft,1,69
2106,Versus Evil,2,69
2107,WayForward,7,69
2108,Mommy's Best Games,3,69
2109,En Masse Entertainment,3,69
2110,Digital Dreams Entertainment LLC,3,69
2111,Prideful Sloth,3,69
2112,Chorus Worldwide,3,69
2113,10tons,5,69
2114,Rovio Entertainment Ltd,1,69
2115,Sports Mogul,7,69
2116,"Konami Mobile & Online, Inc.",7,69
2117,NaturalMotion,1,69
2118,Surprise Attack Games,4,69
2119,Cornfox & Bros.,4,69
2120,Chilled Mouse,5,69
2121,Mercury Steam,2,69
2122,NinjaBee,1,69
2123,Trion Worlds,1,69
2124,KING Art,1,69
2125,Nival Interactive,1,69
2126,Iridon Interactive AB,2,69
2127,Mark Healey,1,69
2128,Cateia Games,1,69
2129,Traffic,1,69
2130,NHN USA Inc.,2,69
2131,Sarbakan Inc.,3,69
2132,Zerodiv,9,69
2133,Novaleaf Game Studios,1,69
2134,Gala Networks,1,69
2135,Sony Pictures Television,1,69
2136,Nexx Studio,1,69
2137,Robert Szeleney,1,69
2138,RailSimulator.com,3,69
2139,Jorge Hernandez,1,69
2140,Bigpoint,1,69
2141,Brainphant,1,69
2142,TOUCHMINE CO.LTD,1,69
2143,Longbow Digital Arts,2,69
2144,BIG BAD BRUSH inc.,1,69
2145,Kyy Games,2,69
2146,Hide and Seek Productions Ltd,1,69
2147,Facepunch Studios,1,69
2148,Game Atelier,2,69
2149,Grey Alien Games,1,69
2150,Company 100 Inc.,1,69
2151,Mystic Box,1,69
2152,Blitz 1UP,1,69
2153,Bacon Wrapped Games,1,69
2154,Gamesoul Studio,1,69
2155,TOME Studios,1,69
2156,Giant Media Group,2,69
2157,Freyr Games,3,69
2158,Gamistry,2,69
2159,Coffee Powered Machine,1,69
2160,Spike Chunsoft Co. Ltd.,1,69
2161,Muffin Games,1,69
2162,Miniclip,1,69
2163,Barrel of Donkeys,1,69
2164,Gory Detail Limited,1,69
2165,IMakeGames,1,69
2166,DPFLASHES STUDIOS,1,69
2167,Christian Schnellmann,1,69
2168,"Tapinator,LLC",1,69
2169,Midgar Studio,1,69
2170,Alexander Lading,1,69
2171,Skytrain Studios,1,69
2172,Phobic Studios,1,69
2173,Experience Inc.,6,69
2174,Niantic Labs,1,69
2175,Tiny Rebel Games LLC,1,69
2176,Unity Games,2,69
2177,Last Dimension,1,69
2178,Xaviant Games,1,69
2179,Kiro'o Games,1,69
2180,Wonderstruck Games,1,69
2181,Rival Games Ltd,3,69
2182,Bodysoft,1,69
2183,Sileni Studios,1,69
2184,Yukitama,1,69
2185,Parabole,3,69
2186,Tesseract Interactive,1,69
2187,KBros Entertainment,1,69
2188,dawei lee,1,69
2189,Digixart Entertainment,3,69
2190,Pixel Maverick Games,1,69
2191,Drop Dead Interactive,1,69
2192,ManaVoid Entertainment Inc.,1,69
2193,StellarVR,1,69
2194,ThisGameStudio,1,69
2195,Fabrik Games,2,69
2196,Kbros Games,1,69
2197,Xaviant,1,69
2198,Total Mayhem Games,1,69
2199,Tomatotrap,1,69
2200,Pill Bug Interactive,1,69
2201,"Act 3 Games, LLC",1,69
2202,Tapinator,1,69
2203,Marvelous Inc.,1,69
2204,Engine Software,1,69
2205,Moss,6,69
2206,Eden Industries,6,69
2207,Taleworlds,5,69
2208,Frima Studio,1,69
2209,PQube,3,69
2210,Cherry Pop Games,4,69
2211,Not Doppler,4,69
2212,Sold Out,1,69
2213,No Brakes Games,4,69
2214,"Viva Media, LLC",2,69
2215,Radical Entertainment,4,69
2216,Rainbow Studios,3,69
2217,Ubisoft,9,69
2218,Viva Media,3,69
2219,Magellan Interactive,3,69
2220,One or Eight,3,69
2221,XSEED Games,1,69
2222,Reverb,5,69
2223,Josh Presseisen,5,69
2224,Minority Media Inc.,5,69
2225,BiP Media,2,69
2226,3 Sprockets,4,69
2227,kode80 LLC,2,69
2228,Gaslamp Games,2,69
2229,"GREE, Inc.",2,69
2230,Four Door Lemon,2,69
2231,Pascal Bestebroer,2,69
2232,Switchblade Monkeys,2,69
2233,Dissident Logic,2,69
2234,Sand Sailor Studio,4,69
2235,2tainment,2,69
2236,Joe Richardson,2,69
2237,Hikergames,2,69
2238,Playdius,6,69
2239,We Are Fuzzy,2,69
2240,Fruitbat Factory,5,68
2241,Tecmo,5,68
2242,GSC Game World,1,68
2243,HD Interactive,3,68
2244,Rudolf Kremers,3,68
2245,Alex May,3,68
2246,Uppercut Games Pty Ltd,6,68
2247,No Goblin,3,68
2248,Sassybot,3,68
2249,acttil llc.,3,68
2250,Lichthund,3,68
2251,Netamin,2,68
2252,Vivendi Games,1,68
2253,Tale of Tales,4,68
2254,SNK Corporation,4,68
2255,Excalibur Publishing,1,68
2256,tinyBuild,4,68
2257,Nexon,1,68
2258,Cinemax,7,68
2259,Sierra Entertainment,1,68
2260,Team 17,1,68
2261,Vatical Entertainment,2,68
2262,iWin,2,68
2263,Positech Games,8,68
2264,Genius Sonority Inc.,1,68
2265,SuperVillain Studios,1,68
2266,EastAsiaSoft,9,68
2267,Proper Games,3,68
2268,Big Finish Games,1,68
2269,Neptune Interactive Inc.,1,68
2270,Galcon,1,68
2271,"EXTEND Interactive, LLC.",1,68
2272,Bottle Rocket,1,68
2273,TBS,2,68
2274,Melesta,1,68
2275,Paladin Studios,3,68
2276,Sony Music Entertainment,1,68
2277,Carpe Fulgur,3,68
2278,Lace Mamba Global,4,68
2279,Thumbstar Games,3,68
2280,"Trilobyte Games, LLC.",1,68
2281,ROBOX Studios,1,68
2282,GRL Games,1,68
2283,"Pocket Gems, Inc.",1,68
2284,Alex Dantis,1,68
2285,JoshOClock,1,68
2286,Gameline,1,68
2287,Breaktime Studios,1,68
2288,Infinite Game Publishing,1,68
2289,SuperGlueStudio,1,68
2290,"MinoMonsters, Inc.",1,68
2291,Red Wasp Design,1,68
2292,Rising Step,1,68
2293,Okugi Studio,1,68
2294,Televisa,1,68
2295,Strange Flavour Ltd.,1,68
2296,Al4red Studios,1,68
2297,Rebellion Games,2,68
2298,Yeah Us!,2,68
2299,Watermelon Development,3,68
2300,Emmanuel MONNEREAU,1,68
2301,franfistro,1,68
2302,Sometimes You,4,68
2303,Lightmare Studio,1,68
2304,Orthogonal Games,2,68
2305,Jonathan Lavigne,2,68
2306,Games Workshop,1,68
2307,Glass Knuckle Games,1,68
2308,Hutch Games Ltd,1,68
2309,Serenity Forge,5,68
2310,Kraken Empire,2,68
2311,Appsolute Games LLC,1,68
2312,IF Games,2,68
2313,Shark Punch,1,68
2314,PHL Collective,1,68
2315,QUICKTEQUILA,3,68
2316,Sunnyside Games,1,68
2317,Nival,1,68
2318,Morgondag,2,68
2319,ONE MORE LEVEL,1,68
2320,Industrial Toys,1,68
2321,Industrial Toys LLC,1,68
2322,IN|FRAMEZ TECHNOLOGY CORP.,2,68
2323,Toasty Games,1,68
2324,Brainseed Factory,5,68
2325,Xiness,1,68
2326,ZackBellGames,1,68
2327,TURBOGUN,1,68
2328,Oldblood,1,68
2329,SoftPlanet,1,68
2330,NicoplvGames,1,68
2331,A Fox Wot I Drew,1,68
2332,Playwood Project,1,68
2333,UNKNOWN GAMES,1,68
2334,Multiverse Games,1,68
2335,Anton Riot,1,68
2336,Carbon Studio,2,68
2337,Multiverse,1,68
2338,Kaia Studios,1,68
2339,Threye Interactive,1,68
2340,Midnight Hub,1,68
2341,Appsolute Games,1,68
2342,Grindstone,1,68
2343,Digerati Distribution,4,68
2344,Koei Tecmo Games,9,68
2345,Taito Corporation,5,68
2346,"Arcen Games, LLC",8,68
2347,Tilted Mill,5,68
2348,MicroProse,1,68
2349,Vertex Pop,4,68
2350,Bonus Level Entertainment,4,68
2351,Rising Star Games,5,68
2352,WildTangent,3,68
2353,PM Studios Inc.,6,68
2354,Vivid Games,6,68
2355,Forever Entertainment S.A.,3,68
2356,Nomad Games,3,68
2357,osao games,3,68
2358,THQ Nordic,4,68
2359,Stainless Games,3,68
2360,Armature Studio,9,68
2361,Badland Games,2,68
2362,Soedesco,3,68
2363,SoftMax,2,68
2364,SCEA Sports Studio,2,68
2365,Abstraction Games,2,68
2366,GlobZ,2,68
2367,Oxeye,2,68
2368,Cardboard Box Entertainment,2,68
2369,Clapfoot Inc.,2,68
2370,Speedbump,2,68
2371,Archiact Interactive Ltd.,2,68
2372,Activision,8,67
2373,GungHo,1,67
2374,NIS America,1,67
2375,Eidos Interactive,2,67
2376,Cryo Interactive,5,67
2377,Frogwares,2,67
2378,10tons Entertainment,1,67
2379,Mighty Rabbit Studios,3,67
2380,Threaks,3,67
2381,DeNA Corp.,3,67
2382,Tantalus,1,67
2383,COWCAT,7,67
2384,Cohort Studios,4,67
2385,Headup Games,4,67
2386,SunSoft,5,67
2387,Reflexive Entertainment,5,67
2388,Bohemia Interactive,1,67
2389,Keen Games,1,67
2390,Digital Domain,1,67
2391,10tacle Studios,6,67
2392,Touchstone,3,67
2393,Sigma-Team,1,67
2394,Hanako Games,1,67
2395,The Games Company,2,67
2396,2XL Games,6,67
2397,Codeminion,2,67
2398,Grendel Games ,1,67
2399,Eiconic Games,3,67
2400,Kalio Ltda.,1,67
2401,Rock Pocket Games,4,67
2402,Quantum Sheep,1,67
2403,Blinkbat Games,1,67
2404,CBS Software,1,67
2405,blacksmith games,3,67
2406,iSquared Games,1,67
2407,Uwan Studio,1,67
2408,N3V Games Pty Ltd,1,67
2409,Jovian Minds,1,67
2410,Brightside Games,3,67
2411,"Unigine Corp, Russia",2,67
2412,Ivent Games,1,67
2413,Grubby Hands,1,67
2414,BillyGoat Entertainment Ltd,4,67
2415,White Rabbit Interactive,3,67
2416,Pixel and Texel,1,67
2417,Deemedya M.S. Ltd.,1,67
2418,Flying Turtle Software,1,67
2419,Alan Hazelden,1,67
2420,Namco Networks America Inc. Games,3,67
2421,Supergonk Ltd.,3,67
2422,Kabam,7,67
2423,Dark Realm Studios,1,67
2424,Total Arkade Software Pty Ltd,1,67
2425,Apogee Games,1,67
2426,Wild Factor,2,67
2427,Feedtank LLC,1,67
2428,Pyrodactyl,1,67
2429,"Machine Zone, Inc",1,67
2430,"Jundroo, LLC",1,67
2431,Tecmo Koei Games,3,67
2432,Hailstorm Games Inc,1,67
2433,Bytesized Studios Inc.,1,67
2434,LEAP Game Studios,1,67
2435,Chris Suffern,1,67
2436,Disruptor Beam,1,67
2437,Puzzle On Word Games Inc.,1,67
2438,Oovee Game Studios,1,67
2439,Infamous Quests,2,67
2440,Carlos Coronado,3,67
2441,Green Man Loaded,1,67
2442,Ace Maddox,1,67
2443,Skyshine Games,1,67
2444,PolyKid,1,67
2445,Blooming Buds Studio,1,67
2446,Brainy Studio LLC,2,67
2447,StarBlade,1,67
2448,Penny Black Studios,1,67
2449,Plug In Digital Label,2,67
2450,N3V Games,1,67
2451,SEMISOFT,1,67
2452,Radical Phi,1,67
2453,HUCAST,2,67
2454,ScrollView Games,1,67
2455,Machine Zone,1,67
2456,AREA35,2,67
2457,Undergames,1,67
2458,Warpfish Games,1,67
2459,Aspyr,5,67
2460,Marvelous AQL,1,67
2461,Digerati,1,67
2462,Kerberos Productions,7,67
2463,Weappy Studio,7,67
2464,"RideonJapan,Inc.",5,67
2465,Pieces Interactive,8,67
2466,Pixel Perfex,4,67
2467,Born Ready Games,4,67
2468,Warhorse Studios,4,67
2469,Buena Vista Games,2,67
2470,Gambitious,2,67
2471,Hudson,2,67
2472,Ludia,3,67
2473,Jujubee Games Studio,3,67
2474,Cococucumber,3,67
2475,UTV Ignition Games,5,67
2476,Konami,5,67
2477,Good Shepherd Entertainment,7,67
2478,Animation Arts,4,67
2479,XGenStudios,4,67
2480,The Pokemon Company,8,67
2481,Jagex Games Studio,4,67
2482,Future Games of London,2,67
2483,Coffee Stain Studios,1,67
2484,smuttlewerk interactive,2,67
2485,"DeNA Co., Ltd.",4,67
2486,Hunted Cow Studios Ltd.,2,67
2487,Empty Flask Games LLC,2,67
2488,Super Icon Ltd,2,67
2489,Noego,2,67
2490,Stormcloud Games Limited,2,67
2491,Dead Mage,2,67
2492,Devespresso Games,4,67
2493,Badland Indie,2,67
2494,Flaming Fowl Studios,2,67
2495,E-Home Entertainment,2,67
2496,Bigben Games,4,67
2497,Milestone S.r.l,6,66
2498,Phoenix Online Publishing,1,66
2499,Phantagram,6,66
2500,Strawdog Studios,3,66
2501,IUGO Mobile Entertainment Inc.,3,66
2502,"Beeline Interactive, Inc.",6,66
2503,Pentadimensional Games,3,66
2504,Zerouno Games,3,66
2505,Deck 13,2,66
2506,TopWare Interactive,2,66
2507,Spicy Horse,5,66
2508,Torn Banner Studios,5,66
2509,Bloober Team,1,66
2510,Gaijin Entertainment,2,66
2511,Incredible Technologies,3,66
2512,FireFly Studios,1,66
2513,Sammy Studios,1,66
2514,Acclaim,1,66
2515,Digital Extremes,2,66
2516,Focus Home Interactive,1,66
2517,Namco Bandai Games,2,66
2518,Midway,2,66
2519,Slitherine Software,5,66
2520,K2 Network,1,66
2521,impressionware,1,66
2522,Ethereal Darkness Interactive,1,66
2523,IMC Games,1,66
2524,CrunchTime Games,1,66
2525,Navarre Corp,3,66
2526,Digital Goldfish Ltd,2,66
2527,SaintXi,1,66
2528,3VGAMES,1,66
2529,Devsisters,1,66
2530,Fatshark AB,1,66
2531,Traction Games,1,66
2532,Kobojo,1,66
2533,We Are Colin,1,66
2534,AwesomeGamesStudio,1,66
2535,BlaBlaIncTech,1,66
2536,Dmitriy Kuzmenko,1,66
2537,Dancing Dots,1,66
2538,JoyBits Ltd.,3,66
2539,Zaxis Games,1,66
2540,Puppy Punch Productions,1,66
2541,Osprey Publishing,1,66
2542,klutzGames,2,66
2543,Group Sound,1,66
2544,Electric Pixel Factory Ltd,1,66
2545,1C-Softclub,3,66
2546,Ben Falcone,1,66
2547,Team2Bit,2,66
2548,FireRabbit,1,66
2549,Stolen Couch Games,3,66
2550,NEOWIZ Internet Corp.,1,66
2551,Punch Puppy Productions,1,66
2552,Big Robot Ltd,2,66
2553,Final Boss Entertainment,1,66
2554,OlderBytes,1,66
2555,Auroch Digital,2,66
2556,David Amador,1,66
2557,ArachnidGames,1,66
2558,damiansommer,1,66
2559,Limasse Five,1,66
2560,Robot Kitty,2,66
2561,Interdimensional Games Inc,1,66
2562,Disco Pixel,2,66
2563,Glowforth,1,66
2564,aPriori Digital,1,66
2565,Lienzo,6,66
2566,Gravity Europe,1,66
2567,JoyBits,3,66
2568,Nine Tales Digital,1,66
2569,Blazing Badger,2,66
2570,Funselektor Labs Inc.,1,66
2571,Prologue Games,1,66
2572,AuraLab,1,66
2573,Kingdom Games,1,66
2574,Other Kind Games,1,66
2575,"Zhuhai HippieNetwork Technology Co., Ltd.",1,66
2576,Dusenberry Martin Racing,1,66
2577,Arif Games,1,66
2578,Whale Hammer Games,1,66
2579,Sword Twin Studios,1,66
2580,Another Indie,1,66
2581,Household Games Inc.,2,66
2582,DeerFarm,1,66
2583,FinalBoss Games,3,66
2584,Vertical Reach,1,66
2585,VU Games,9,66
2586,Encore Software,2,66
2587,Iceberg Interactive,2,66
2588,AGEOD,5,66
2589,Gambitious Digital Entertainment,5,66
2590,A Crowd of Monsters,9,66
2591,Nickelodeon,4,66
2592,Fishing Cactus,4,66
2593,EXOR Studios,4,66
2594,Goodbye Galaxy Games,4,66
2595,Kitfox Games,4,66
2596,TalonSoft,7,66
2597,blurredVision,2,66
2598,Castle Software,2,66
2599,Atomic Games,3,66
2600,iEntertainment Network,3,66
2601,BattleGoat Studios,3,66
2602,Sidhe Interactive,1,66
2603,WXP,6,66
2604,Fair Play Labs,3,66
2605,Nyamyam,3,66
2606,The Station,3,66
2607,Climax Studios,3,66
2608,GamersGate,1,66
2609,Backbone Entertainment,6,66
2610,Games Farm,8,66
2611,"Mobage, Inc.",5,66
2612,Big Blue Bubble Inc.,1,66
2613,MumboJumbo,1,66
2614,Invictus,7,66
2615,Warashi,2,66
2616,Yullaby,2,66
2617,MACHINE Studios LLC,1,66
2618,Zallag,2,66
2619,Just Funny Games S.r.l.,2,66
2620,Open Emotion Studios,2,66
2621,Gamepires,2,66
2622,Sunside Inc.,2,66
2623,Glass Bottom Games,2,66
2624,souvenir circ.,4,66
2625,LOOT Interactive,4,66
2626,Fun Punch Games,2,66
2627,Just Funny Games,2,66
2628,PAN Vision AB,7,65
2629,Kalypso,7,65
2630,Blitz Arcade,8,65
2631,The Adventure Company,4,65
2632,THQ,5,65
2633,1C Company,4,65
2634,GameHouse,3,65
2635,YummyYummyTummy,3,65
2636,Assoria,2,65
2637,Office Create,4,65
2638,Sanuk Games,4,65
2639,PolyKnight Games,4,65
2640,Disney Interactive Studios,1,65
2641,NovaLogic,1,65
2642,Idea Factory,4,65
2643,Hangar 13,5,65
2644,Grip Games,2,65
2645,505 Games,1,65
2646,Egosoft,6,65
2647,Ravenscourt,6,65
2648,Mad Catz,9,65
2649,Clickgamer.com,1,65
2650,Big Ant Studios,1,65
2651,Arika,1,65
2652,Farsight Studios,2,65
2653,On Deck Interactive,2,65
2654,Wanadoo,1,65
2655,Black Label Games,5,65
2656,Sierra Online,1,65
2657,Bongfish,5,65
2658,Gravity Interactive,1,65
2659,PixelStorm,1,65
2660,"Quest Online, Inc.",2,65
2661,Playrix Entertainment,1,65
2662,Perpetual FX Creative,1,65
2663,Realtech VR,1,65
2664,Anozor SARL,1,65
2665,Kokakiki LLC,1,65
2666,Cosmonaut Games,2,65
2667,Anshar Studios,1,65
2668,Frima,1,65
2669,Massive Finger,1,65
2670,Popcannibal,1,65
2671,Akaoni Studio,1,65
2672,mif2000,1,65
2673,Little Green Men,4,65
2674,Tuokio Inc.,1,65
2675,CE Europe Ltd,1,65
2676,"Fugazo, Inc.",1,65
2677,Pixelmator Team,1,65
2678,"Metamoki, Inc.",1,65
2679,Dark Vale Games,1,65
2680,Springloaded,5,65
2681,Subterranean Games,1,65
2682,Jacques Deul,1,65
2683,Hangonit,1,65
2684,Snow Castle Games,3,65
2685,Vladimir Kudelka,1,65
2686,GabberGames,1,65
2687,Indietopia Games,2,65
2688,3D2 Entertainment,1,65
2689,Deco Digital,3,65
2690,Digital Confectioners,1,65
2691,Flying Cafe for Semianimals,1,65
2692,Spiky Fish Games,1,65
2693,Tammeka Games,1,65
2694,Leikir Studio,1,65
2695,Flying Mollusk,1,65
2696,Madskull Creations,1,65
2697,Triskell Interactive,1,65
2698,Coco Cucumber,2,65
2699,Team ERROR,1,65
2700,Excalbur Games,1,65
2701,Emilios Manolidis,1,65
2702,Puzzling Dream,2,65
2703,Reloaded Games,4,65
2704,Lunatic Pixels,1,65
2705,Okidokico Entertainment Inc.,1,65
2706,teedoubleuGAMES,1,65
2707,704Games,4,65
2708,Deep Taiga,1,65
2709,Dmitry Zagumennov,1,65
2710,AurumDust,1,65
2711,Francis Cota,1,65
2712,Door Z Studio,1,65
2713,Agetec Inc.,3,65
2714,1C,3,65
2715,Lighthouse Interactive,9,65
2716,Humongous Entertainment,6,65
2717,Enlight Software,2,65
2718,Buena Vista Interactive,1,65
2719,QubicGames,1,65
2720,Take-Two Interactive,6,65
2721,Universal Interactive,1,65
2722,Nobilis,3,65
2723,Ice-Pick Lodge,6,65
2724,Krillbite Studio,3,65
2725,Blindflug Studios,3,65
2726,Shrapnel Games,2,65
2727,cdv Software,5,65
2728,Tate Multimedia,7,65
2729,SCi,4,65
2730,Bold Games,4,65
2731,Minoraxis,2,65
2732,MTO,6,65
2733,3D Magic Kft.,2,65
2734,Nyu Media,4,65
2735,"Com2us USA, Inc.",2,65
2736,Cybernate,2,65
2737,Crosse Studios,2,65
2738,Antagonist,2,65
2739,Happinet,2,65
2740,Gevo Entertainment,7,64
2741,GameTrust,1,64
2742,Jared Bailey,3,64
2743,Dovetail Games,6,64
2744,nDreams,4,64
2745,Bedtime Digital Games,8,64
2746,Dark Energy Digital,5,64
2747,Scott Cawthon,5,64
2748,"Encore Software, Inc.",3,64
2749,Natsume,8,64
2750,Pangea Software,1,64
2751,Playmore,2,64
2752,Wicked Witch Software,1,64
2753,VGViews Inc.,1,64
2754,Prophetic Sky,1,64
2755,Nemesys,4,64
2756,TastyPlay,1,64
2757,XMG Studio Inc.,2,64
2758,FlukeDude,1,64
2759,Onteca,1,64
2760,Pixel Federation,2,64
2761,Blowfish Studios,1,64
2762,Invictus Games,1,64
2763,Lakoo,1,64
2764,Darling Dash Ltd,1,64
2765,Turbo Tape Games,1,64
2766,"TinyCo, Inc.",1,64
2767,Marvel Entertainment,8,64
2768,"The Playforge, LLC",1,64
2769,Stirfire Studios,1,64
2770,Greenfly Studios Ltd.,1,64
2771,Mediocre,1,64
2772,7sixty,2,64
2773,Dogbyte Games Kft.,1,64
2774,Arkalis Interactive,1,64
2775,FX Interactive,1,64
2776,Freaky Creations,1,64
2777,AwesomeBlade,1,64
2778,Mindfield Games,1,64
2779,Ape Law,1,64
2780,Bui Tho,1,64
2781,Tapstar Interactive Inc.,1,64
2782,Pixel Titans,1,64
2783,winterworks,1,64
2784,Mandragora,3,64
2785,Studio Wildcard,4,64
2786,MakinGames,3,64
2787,Paleozoic,1,64
2788,Cardboard Keep,1,64
2789,Mechabit Ltd,1,64
2790,West Coast Software,1,64
2791,Vile Monarch,4,64
2792,Tru Blu,1,64
2793,WG Labs,2,64
2794,Green Man Gaming Publishing,4,64
2795,Klabater,2,64
2796,Scraping Bottom Games,1,64
2797,Painted Black Games,3,64
2798,Wako Factory,1,64
2799,Trinity Team srls,1,64
2800,Buddy Productions GmbH,1,64
2801,Gamedust,1,64
2802,Koei,9,64
2803,Atari SA,1,64
2804,Might and Delight,7,64
2805,Griptonite Games,3,64
2806,Vision Games Publishing LTD,6,64
2807,Merge Games,2,64
2808,Acquire,2,64
2809,Angry Mob Games,5,64
2810,Prairie Games,2,64
2811,Pinnacle,4,64
2812,Bravo,4,64
2813,Disney Interactive,1,64
2814,Deep Silver,1,64
2815,Gentlymad,3,64
2816,LKA,3,64
2817,Snow Cannon Games,3,64
2818,Atari,3,64
2819,Arush Entertainment,7,64
2820,Doublesix,9,64
2821,D3,1,64
2822,Big Toe Software,2,64
2823,"International Games System Co., Ltd.",2,64
2824,Uppercut Games,4,64
2825,Chainsawesome Games,2,64
2826,Sunbreak Games,2,64
2827,Phantom Compass,4,64
2828,Fusty Game,2,64
2829,Lost in the Garden,2,64
2830,Microids,3,63
2831,Infogrames,8,63
2832,Big John Games,5,63
2833,kudosoft,2,63
2834,Full Fat,2,63
2835,Playrise Edge Ltd.,3,63
2836,Compulsion Games,6,63
2837,Naked Sky Entertainment,7,63
2838,BetaDwarf,4,63
2839,Fat Dog Games,4,63
2840,Namco Bandai Games America,1,63
2841,Myelin Media,5,63
2842,Wired Productions,1,63
2843,Three Fields Entertainment,9,63
2844,Fishtank Interactive,6,63
2845,eGames,2,63
2846,Anino Entertainment,1,63
2847,Artificial Life,1,63
2848,1st Playable Productions,3,63
2849,Eversim,1,63
2850,Griffin International,1,63
2851,FreshTone Games,1,63
2852,Mutant Games,1,63
2853,Xform,1,63
2854,Joystick Generals,1,63
2855,Enteractive Distribution Co.,1,63
2856,KONGZHONG CORPORATION,1,63
2857,Riida.com,1,63
2858,BeeworksGames,1,63
2859,Colibri Games,1,63
2860,Machine 22,1,63
2861,Aduge Studio,1,63
2862,Nordeus LLC,1,63
2863,Broken Compass Studios,1,63
2864,U-Play Online,1,63
2865,Miles Godspeed,1,63
2866,RebelPlay,1,63
2867,ECA Games,1,63
2868,Fuero Games,1,63
2869,Emmet Morris,1,63
2870,Ynnis Interactive,3,63
2871,Edit Mode,1,63
2872,Slitherine Group,2,63
2873,Flux Game Studio,1,63
2874,Mebius,2,63
2875,Bitbox Ltd.,1,63
2876,Blazing Griffin,1,63
2877,ZANDEL MEDIA,1,63
2878,Zanrai Interactive,1,63
2879,Zueira Digital,1,63
2880,RadiationBurn,1,63
2881,Dream Reactor LLC,1,63
2882,INTERNET URL S.A.,1,63
2883,Gattai Games,1,63
2884,Stroboskop,1,63
2885,Grailr LLC,1,63
2886,Oudidon,1,63
2887,Marker Limited,1,63
2888,3rd Eye Studios,2,63
2889,GrimTalin,1,63
2890,Tiny Bull Studios,1,63
2891,"E-Home Entertainment Developerment Co., Ltd",1,63
2892,Bread Machine Games,1,63
2893,CIRCLE Entertainment,1,63
2894,Artdink,8,63
2895,Cinemaware,6,63
2896,Tomy Corporation,1,63
2897,Lego Media,5,63
2898,Nordic Games Publishing,5,63
2899,Tom Create,4,63
2900,Exkee,4,63
2901,Cyanide Studios,1,63
2902,Naps Team,3,63
2903,Santa Clara Games,3,63
2904,DTP Entertainment,2,63
2905,Black Bean Games,5,63
2906,Black Forest Games,1,63
2907,Nnooo,7,63
2908,Monte Cristo Multimedia,1,63
2909,Monte Cristo,1,63
2910,Firebrand Games,1,63
2911,Parallax Software,2,63
2912,Merscom LLC,1,63
2913,Sonic Powered,2,63
2914,Mass Creation,2,63
2915,Black Shell Games,4,63
2916,Chubby Pixel,2,63
2917,Full Control ApS,5,62
2918,The Muteki Corporation,5,62
2919,Full Control,5,62
2920,Panic Button,8,62
2921,989 Sports,2,62
2922,cdv Software Entertainment USA,6,62
2923,Cascadia Games LLC,3,62
2924,Iridium Studios,3,62
2925,Reloaded Games Inc.,3,62
2926,Collavier,3,62
2927,Playful Corp.,3,62
2928,"BadFly Interactive, a.s",3,62
2929,Gloomywood,3,62
2930,Rainy Frog,6,62
2931,BadFly Interactive,3,62
2932,Digital Tribe,7,62
2933,Mastertronic,2,62
2934,Simon & Schuster,1,62
2935,Excalibur Publishing Limited,5,62
2936,Ignition Entertainment,4,62
2937,RealNetworks,1,62
2938,Digital Chocolate,1,62
2939,Virtual Toys,6,62
2940,Koch Media,1,62
2941,Big Ben Interactive,1,62
2942,Namazu Studios,1,62
2943,Blitz Games Studios,1,62
2944,Scary Robot Productions,1,62
2945,Christine Love,1,62
2946,Krystian Majewski,1,62
2947,Happy Tuesday,1,62
2948,Sunfish Studio Limited,1,62
2949,ACQUIRE Corp.,1,62
2950,RichMakeGame,1,62
2951,Goroid,2,62
2952,ANDREY NOVIKOV,1,62
2953,Oozoo Inc.,1,62
2954,Upper Byte,1,62
2955,Big Bit Ltd,1,62
2956,Boomlagoon,1,62
2957,Milkstone Studios SL,2,62
2958,"One Spear Entertainment, Inc.",1,62
2959,Deirdra Kiai,1,62
2960,Monochrome Games,1,62
2961,Pixel Hero Games,3,62
2962,Blackpowder Games ,1,62
2963,Robot Loves Kitty,1,62
2964,Jason Oda,1,62
2965,Henchmen Studio,1,62
2966,Ludeme Games,1,62
2967,PostMod Softworks,1,62
2968,AAD Productions,1,62
2969,Chris McFarland,1,62
2970,Pocket Trap,1,62
2971,NVYVE Studios,1,62
2972,Diabolical Mind,1,62
2973,Cosen,3,62
2974,Ravegan,1,62
2975,Perfectly Paranormal,3,62
2976,2Dream,1,62
2977,Abyss Gameworks,1,62
2978,Bread Team,1,62
2979,"E-Home Entertainment Development Co., Ltd",1,62
2980,flow,1,62
2981,DigiPen Game Studios,1,62
2982,Mastiff,1,62
2983,Blue Isle Studios,7,62
2984,Vogster,6,62
2985,Bam Entertainment,4,62
2986,Silver Creek Entertainment,4,62
2987,Dreadlocks Ltd,4,62
2988,Mediascape,4,62
2989,Dreadlocks,4,62
2990,SpeedRunGames.com,1,62
2991,Zoe Mode,1,62
2992,Enigma Software Productions,3,62
2993,Cerasus Media,3,62
2994,AIA,3,62
2995,Erdem Sen,3,62
2996,3DClouds.it,3,62
2997,Real Arcade,3,62
2998,Neko Entertainment,2,62
2999,Strategy First,8,62
3000,Metro3D,1,62
3001,Edge of Reality,2,62
3002,"Phantom EFX, Inc.",2,62
3003,different cloth,2,62
3004,"Phosphor Games Studio, LLC",4,62
3005,Phantom EFX,2,62
3006,SuperMassive Games,1,61
3007,System 3,1,61
3008,Rebellion,6,61
3009,Got Game Entertainment,2,61
3010,Deep Fried Entertainment,3,61
3011,"Tik Games, LLC",9,61
3012,Other Ocean Interactive,1,61
3013,MileStone Inc.,1,61
3014,THQ Wireless,6,61
3015,EKO Software,1,61
3016,Cyanide,4,61
3017,Jaleco Entertainment,1,61
3018,Diversions Entertainment,1,61
3019,Super X Studios,4,61
3020,Noumena Productions,1,61
3021,Rampant Games,1,61
3022,ASK Homework,1,61
3023,Wahoo Studios,1,61
3024,Silverlode Interactive,1,61
3025,Noviy Disk,1,61
3026,RTL,1,61
3027,Gammick Entertainment,1,61
3028,dtp Young Entertainment AG,1,61
3029,Semnant Studios,1,61
3030,G-STYLE,1,61
3031,"MunkyFun, Inc.",2,61
3032,Cliffhanger Productions,1,61
3033,HandMade Game,2,61
3034,Cliffhanger Productions,1,61
3035,CJ Internet Corp.,1,61
3036,Vaporware Labs,1,61
3037,EA Play,2,61
3038,Farseer Games,1,61
3039,Niffler Ltd,1,61
3040,NG:DEV.TEAM,1,61
3041,Reality Twist GmbH,2,61
3042,Toylogic Inc.,1,61
3043,Konami Digital Entertainment GmbH,1,61
3044,Moving Player,6,61
3045,Maya,1,61
3046,QUByte Interactive,3,61
3047,In Images,1,61
3048,Tasharen Entertainment,1,61
3049,Goldmark Studios,1,61
3050,Space Bullet Dynamics Corporation,1,61
3051,Level-5 Inc.,1,61
3052,Nemoria Entertainment,1,61
3053,Wonderwood Games LLC,1,61
3054,Snail Games,2,61
3055,MIST[PSI]PRESS,2,61
3056,Megapop,1,61
3057,Ayyo Games,1,61
3058,Signo & Arte,1,61
3059,PlaySide,1,61
3060,Fugitive Games,1,61
3061,King Art Games,1,61
3062,Awaceb,1,61
3063,Sunburned Games,1,61
3064,ION LANDS,1,61
3065,3rd Eye Studios Oy LTD,1,61
3066,Good Catch,2,61
3067,"Cyan, Inc.",1,61
3068,Reality Twist,2,61
3069,Flight School Studio,1,61
3070,Good Night Brave Warrior,1,61
3071,Empire Interactive,4,61
3072,iFun4all,1,61
3073,Blitz Game Studios,9,61
3074,2K Play,9,61
3075,3DO,4,61
3076,Titus Software,1,61
3077,Meridian4,1,61
3078,Bandai,5,61
3079,EON Digital Entertainment,4,61
3080,GMX Media,6,61
3081,MonkeyPaw Games,3,61
3082,Wolf Brew Games,3,61
3083,Elephant Entertainment,2,61
3084,"Genius Products, Inc.",2,61
3085,Sega Europe,4,61
3086,Prope,8,61
3087,Gamebridge,2,61
3088,Edge Entertainment,2,61
3089,Nowhere Studios,2,61
3090,stillalive studios,2,61
3091,Artifact 5,2,61
3092,Tri Synergy,2,60
3093,Seaven Studio,7,60
3094,G5 Software,5,60
3095,Left Field Productions,1,60
3096,TACS Games,3,60
3097,Blitz Games,4,60
3098,Targem Games,9,60
3099,Graphic Simulations,2,60
3100,PlayFirst,8,60
3101,3D Realms,8,60
3102,Cenega Publishing,4,60
3103,MSN Games,1,60
3104,Jack of All Games,4,60
3105,Vir2L Studios,2,60
3106,Wolfire Software,1,60
3107,Legendo Entertainment,3,60
3108,ShadeTree Games,2,60
3109,Boomzap,1,60
3110,Avanquest Software,1,60
3111,Boolat Games,2,60
3112,"InMotion Software, LLC",1,60
3113,Matmi,2,60
3114,ANIMA Entertainment,1,60
3115,Sad Cat Software,1,60
3116,Apostrophe Stockholm,1,60
3117,Absolutist Ltd,1,60
3118,Playtainment,1,60
3119,Shining Gate Software,1,60
3120,Red 5 Studios,1,60
3121,VisionaryX GmbH,1,60
3122,Mikrotie Ltd,1,60
3123,tiny Build GAMES,5,60
3124,DNA Interactive Ltd,1,60
3125,Engient,1,60
3126,Elefantopia LLC,2,60
3127,Record Makers,1,60
3128,Nicolas Saraintaris,1,60
3129,Awesome Games Studio,4,60
3130,Stage Clear Studios,2,60
3131,Prodigy Design Limited T/A Sidhe Interactive,1,60
3132,BSK Games,1,60
3133,Arcanity Inc,1,60
3134,SOMI,1,60
3135,Digital Kingdom,1,60
3136,Ratalaika Games S.L.,1,60
3137,Whale Rock Games,2,60
3138,Gaming Corps AB,2,60
3139,Games Starter,1,60
3140,Prospect Games,2,60
3141,Red Limb Studio,1,60
3142,Vive Studios,1,60
3143,Aqua Style,1,60
3144,TIGAMES,1,60
3145,Starbreeze publishing AB,2,60
3146,Fantahorn Studio,1,60
3147,Artisano,1,60
3148,Absolutist,1,60
3149,Ant Workshop,1,60
3150,Among Giants,1,60
3151,Hudson Soft,2,60
3152,Krome Studios,4,60
3153,EuroVideo Medien,9,60
3154,SouthPeak Games,5,60
3155,Mattel,6,60
3156,TikGames,4,60
3157,Majesco Games,1,60
3158,Hot-B,3,60
3159,Triangle Studios,6,60
3160,Crocodile Entertainment,3,60
3161,Reliance Big Entertainment UK Private Ltd,3,60
3162,Night Light Interactive,3,60
3163,D3Publisher,1,60
3164,Beatshapers,1,60
3165,Lesta Studio,6,60
3166,Third Wave Games,2,60
3167,Triniti Interactive Limited,2,60
3168,Streum On Studio,4,60
3169,Enjoy Gaming,4,60
3170,Dead Mage Studio,2,60
3171,PD Design Studio Pte Ltd,2,60
3172,Cowardly Creations,2,60
3173,Battlecruiser Games,2,60
3174,PlayWay,1,59
3175,Sabarasa Entertainment,5,59
3176,Reverb Triple XP,5,59
3177,JoWooD Entertainment AG,3,59
3178,Ritual Entertainment,8,59
3179,Accolade,3,59
3180,M2H,6,59
3181,DreamCatcher Interactive,7,59
3182,Heavy Iron Studios,3,59
3183,Bigben Interactive,3,59
3184,Bossa Studios,9,59
3185,Gun Media,5,59
3186,O3 Entertainment,1,59
3187,Eclipse Games,9,59
3188,High Voltage Software,6,59
3189,Hot B,1,59
3190,I-Play,5,59
3191,OnNet,1,59
3192,IDEA Games,1,59
3193,Red Fly Studio,1,59
3194,Zeroscale,1,59
3195,Tapulous,1,59
3196,Isotx,1,59
3197,Apex Designs,2,59
3198,20th Century Fox Film Corporation,1,59
3199,Games Distillery,2,59
3200,Interwave Studios,2,59
3201,Zoo Entertainment,1,59
3202,"World Wrestling Entertainment, Inc.",1,59
3203,Reverie World Studios Inc.,1,59
3204,Bit Composer,2,59
3205,Nah-Meen Studios LLC,1,59
3206,Glitch Games,1,59
3207,astragon Software GmbH,2,59
3208,"BitMonster, Inc.",1,59
3209,Minicore Studios LLC,1,59
3210,RenRen Games,1,59
3211,Marcin Draszczuk,1,59
3212,HWGCY Entertainment Ltd,1,59
3213,Lupus Studios Limited,1,59
3214,Dykast Lubomir,1,59
3215,The Digital Lounge,5,59
3216,Night Node,1,59
3217,Synet Electronics,1,59
3218,M07 Games,1,59
3219,altairworks,1,59
3220,LifeSpark Entertainment,1,59
3221,Log Games,2,59
3222,Orpheus Interactive Inc.,1,59
3223,Lumenox ehf,2,59
3224,Ufo Crash Games,1,59
3225,Singapore University of Technology and Design,1,59
3226,Pated,1,59
3227,Vision Game Publishing Limited,1,59
3228,Dragon Slumber,1,59
3229,20th Century Fox Film Corporation,1,59
3230,Wee Man Studios,1,59
3231,Blue Capsule Studio,1,59
3232,In Vitro Games,1,59
3233,Minicore Studios,1,59
3234,Crave,9,59
3235,Powerhead Games,4,59
3236,The Deep End Games,4,59
3237,Farmind Ltd,3,59
3238,XS Games,1,59
3239,Giants Software,1,59
3240,Agetec,1,59
3241,NewKidCo,4,59
3242,Russobit-M,2,59
3243,Cowboy Rodeo,2,59
3244,Makivision Games,2,59
3245,Nexus Game Studio,2,59
3246,Heavy Spectrum,2,59
3247,Sleepless Clinic,2,59
3248,Vertigo Games,9,58
3249,KISS Ltd.,9,58
3250,U&I Entertainment,6,58
3251,Immersion Software & Graphics,7,58
3252,Muse Games,4,58
3253,"Pipeworks Software, Inc.",2,58
3254,Majesco,1,58
3255,Finish Line Games,5,58
3256,Phosphor Games,5,58
3257,Hydravision,1,58
3258,The Farm 51,1,58
3259,Lexis Numerique,1,58
3260,EnjoyUp Games,2,58
3261,Enterbrain,1,58
3262,Ojom,1,58
3263,Game Factory,2,58
3264,Evolution Vault,2,58
3265,G2 Games,1,58
3266,Playstos Entertainment,3,58
3267,Ludia Inc.,4,58
3268,Jason Rohrer,1,58
3269,Sector3 Games,1,58
3270,Naquatic,1,58
3271,DMG Entertainment,1,58
3272,CJ E&M Games,1,58
3273,JanduSoft,4,58
3274,Portalarium,1,58
3275,Trigger Apps,1,58
3276,Jupija,1,58
3277,Urbanscan Limited,1,58
3278,Monster Robot Studios,1,58
3279,Wobbly Tooth Ltd,1,58
3280,CJ E&M,2,58
3281,Outplay Entertainment Ltd,2,58
3282,Defrost Games,1,58
3283,Farseer Games LLC,1,58
3284,GameCoder Studios,1,58
3285,Demon Wagon Studios,1,58
3286,Peter Molyneux,1,58
3287,Flying Carpets,1,58
3288,Ascension Studios,1,58
3289,Zenith Blue,1,58
3290,DryGin Studios,1,58
3291,R8 Games,1,58
3292,Guru Games,2,58
3293,MichaelArts,3,58
3294,Imperative Entertainment,3,58
3295,Cyber Rhino Studios,2,58
3296,Bigmoon Entertainment,4,58
3297,Flazm,1,58
3298,Flying Carpets Games,1,58
3299,Digital Dragon,1,58
3300,MOONFACTORY SC,1,58
3301,DMG Entertainment,1,58
3302,Legacy Interactive,9,58
3303,HB Studios Multimedia,2,58
3304,Playlogic,1,58
3305,bitComposer Games,1,58
3306,Hip Games,2,58
3307,Hudson Entertainment,3,58
3308,Conspiracy Entertainment,2,58
3309,Forever Entertainment,7,58
3310,Gotham Games,2,58
3311,Cypron Studios,2,58
3312,Fogstone Games,2,58
3313,Hellbent Games,6,58
3314,Wales Interactive Ltd.,3,58
3315,Kerosene,2,58
3316,Nkidu Games Inc.,4,58
3317,Rimlight Studios,2,58
3318,Creat Studios,2,57
3319,Blackmill Games,3,57
3320,Virtual Air Guitar Company,4,57
3321,Stage 2 Studios,4,57
3322,Yuke's Company of America,6,57
3323,Little Orbit,8,57
3324,Valcon Games,1,57
3325,Farsight Technologies,1,57
3326,Gilligames,3,57
3327,e-Pie Entertainment & Technology,2,57
3328,Bandai America Inc.,1,57
3329,"Vision Videogames, LLC",1,57
3330,"TikGames, LLC",3,57
3331,Cinemaware Marquee,1,57
3332,King Games,3,57
3333,Ghostlight,3,57
3334,Vector 2 Games,1,57
3335,Nunchuk Games,1,57
3336,"Seamless Entertainment, Inc.",1,57
3337,3D ATTACK INTERACTIVE,1,57
3338,Tradewest,1,57
3339,The Bearded Ladies Consulting,1,57
3340,Xpect Games,1,57
3341,Intense,3,57
3342,Game Mechanic Studios,1,57
3343,KAYAC Inc.,1,57
3344,Majaka,1,57
3345,Nostatic Software,4,57
3346,Ocean Media LLC,1,57
3347,Ackkstudios,1,57
3348,timesymmetry,1,57
3349,Mutant Labs Ltd.,1,57
3350,Chasing Carrots,2,57
3351,Team Pixel Pi,1,57
3352,Nether Productions,1,57
3353,Sarepta studio,2,57
3354,Skobbejak Games,1,57
3355,Pixel Pi Games,1,57
3356,Rooster Teeth Games,1,57
3357,Abyssal Arts Ltd.,1,57
3358,Holospark,3,57
3359,Street Lamp Games,1,57
3360,Artax Games,1,57
3361,CyberCoconut,1,57
3362,Paramount Digital Entertainment,1,57
3363,ValuSoft,1,57
3364,Ratalaika Games,9,57
3365,Dreamcatcher,2,57
3366,Destructive Creations,3,57
3367,Raven Travel Studios,3,57
3368,WizardWorks,8,57
3369,Destineer,2,57
3370,Rockin' Android,2,57
3371,Pan Vision,4,57
3372,Expansive Worlds,2,57
3373,Lukewarm Media,2,57
3374,astragon,9,56
3375,Buka Entertainment,7,56
3376,Saber Interactive,1,56
3377,AQ Interactive,5,56
3378,bitComposer,1,56
3379,Petite Games,3,56
3380,IMGN.PRO,7,56
3381,Xicat Interactive,1,56
3382,AGENIUS Interactive,4,56
3383,Storm in a Teacup,4,56
3384,Red Mile Entertainment,5,56
3385,Kemco,3,56
3386,Maximum Games,6,56
3387,Funkitron,1,56
3388,XPEC Entertainment Inc.,3,56
3389,RTL Enterprises GmbH,1,56
3390,GameVision,1,56
3391,RTL Interactive LLC,1,56
3392,Joindots,2,56
3393,"Tall Chair, Inc.",1,56
3394,Spike Games,1,56
3395,GamersFirst,1,56
3396,Wild Card,1,56
3397,Nolithius,1,56
3398,ashley jackson,1,56
3399,22cans,2,56
3400,Padaone Games,1,56
3401,Dahku Creations,1,56
3402,Pencil Test Studios,4,56
3403,Gateway Interactive,2,56
3404,Avenged Sevenfold,1,56
3405,Virtual Basement,1,56
3406,Free Reign Entertainment,1,56
3407,Workyrie Game Studio,1,56
3408,Ghost Time Games,1,56
3409,Invincible Cat,2,56
3410,City Interactive,3,56
3411,Zoo Games,1,56
3412,Steel Penny Games,2,56
3413,Fuse Powered Inc.,3,56
3414,MagneticRealms,3,56
3415,CoderChild,4,56
3416,Moonshark,2,56
3417,Icon Games,5,55
3418,Zombie Studios,2,55
3419,RedBedlam,3,55
3420,Interceptor Entertainment,3,55
3421,LOOT Entertainment,7,55
3422,Akella,1,55
3423,Maximum Charisma,1,55
3424,Midas Interactive Entertainment,2,55
3425,Selectsoft,1,55
3426,Extra Mile Studios,2,55
3427,"Spawn Studios, Lda",1,55
3428,Just A Game,5,55
3429,Creative Artel,1,55
3430,GriN Multimedia,1,55
3431,Stuart Sinclair,1,55
3432,"TECMO KOEI GAMES CO., LTD.",1,55
3433,"YesGnome, LLC",1,55
3434,EXE Create,4,55
3435,SumomGames,1,55
3436,Allgraf,1,55
3437,"Fox Digital Entertainment, Inc.",2,55
3438,AtomicTorch,2,55
3439,Digital Happiness,1,55
3440,Fourlights,1,55
3441,Freejam,1,55
3442,Ice Water Games,2,55
3443,IQ Publishing,1,55
3444,Worm Animation,1,55
3445,Assemble Entertainment,1,55
3446,Jamit Games,1,55
3447,Live Aliens,1,55
3448,Gamecock Media Group,1,55
3449,Global Star Software,5,55
3450,Artificial Studios,3,55
3451,NHN Corporation,2,55
3452,Camel 101,2,55
3453,SilverStar,2,55
3454,Rombax Games,6,54
3455,Dolores Entertainment,3,54
3456,The Game Factory,2,54
3457,"Sanuk Software Co., Ltd.",3,54
3458,"3000AD, Inc.",4,54
3459,Saturnine Games,4,54
3460,Wizarbox,4,54
3461,Destination Games,1,54
3462,Data Becker,2,54
3463,Alten8,1,54
3464,Namco America Inc.,1,54
3465,Muzzy Lane Software,2,54
3466,Snowberry Connection,1,54
3467,Andrew Garrison,1,54
3468,Hazardous Software ,1,54
3469,BBC Worldwide,3,54
3470,Candygun Games,3,54
3471,Dolores Entertainment SL,2,54
3472,Alpha Unit,1,54
3473,Moops Games Ltd,1,54
3474,XYLA Entertainment,1,54
3475,Dong Nguyen,2,54
3476,LittleBox,1,54
3477,Webcore Games,2,54
3478,GameArt Studio GmbH,1,54
3479,Mobot Studios Inc,1,54
3480,Nilo Studios,2,54
3481,"BigBox VR, Inc.",1,54
3482,Five Star Games,4,54
3483,Activision Value,3,54
3484,Whiptail Interactive,6,54
3485,Bergsala-Lightweight,3,54
3486,Gravity,3,54
3487,TDK Mediactive,3,54
3488,Game Factory Interactive,2,54
3489,Revistronic,2,54
3490,DK Games,2,54
3491,Shiver Games,2,54
3492,Bohemia Interactive a.s.,4,54
3493,Perpetual,2,54
3494,Corecell Technology,4,53
3495,SIMS,5,53
3496,Zordix,6,53
3497,Ripcord Games,2,53
3498,Merit Studios,1,53
3499,Freeform Interactive LLC,1,53
3500,Michael Clark,1,53
3501,Farlan Entertainment,1,53
3502,Nabi Studios,1,53
3503,Hermitworks,1,53
3504,Capcom Mobile,1,53
3505,YOUOCO.COM,1,53
3506,althi Inc.,1,53
3507,800 North and Digital Ranch,1,53
3508,Skejo Studios,1,53
3509,Snowed In Studios,1,53
3510,HeSaw,3,53
3511,Loren Lemcke,1,53
3512,EM Studios Ltd,1,53
3513,Reddoll Srl,1,53
3514,Strangely Named Studio,1,53
3515,Grande Games,1,53
3516,JoyBits Co. Ltd.,1,53
3517,mamor games,1,53
3518,The Fox Software,1,53
3519,OPQAM,1,53
3520,Wisefool Studio,1,53
3521,7Levels,1,53
3522,Modus Games,4,53
3523,Teyon,2,53
3524,Cinopt Studios LLC,5,53
3525,Rainy Night Creations,3,53
3526,Wastelands Interactive,2,53
3527,UFO Interactive,2,52
3528,Bplus,5,52
3529,Takara Tomy,8,52
3530,Sakari Indie ,2,52
3531,Artefacts Studio,6,52
3532,O-Games,1,52
3533,Sunstorm Interactive,5,52
3534,Ping0,1,52
3535,Gamers Digital,3,52
3536,Iceberg Entertainment,1,52
3537,Nano Games,1,52
3538,Lapland Studio,1,52
3539,Behaviour Interactive Inc.,1,52
3540,Cypronia,5,52
3541,Keen Software House Ltd,1,52
3542,bitComposer Entertainment AG,2,52
3543,22 Cans,1,52
3544,Geniaware,1,52
3545,DOMO Studio,1,52
3546,Oldmoustache Gameworks,1,52
3547,Calvino Noir Ltd.,3,52
3548,Behaviour Interactive,1,52
3549,Destination Software,2,52
3550,Eutechnyx,3,52
3551,Zoo Digital Publishing,4,52
3552,Skonec,2,52
3553,Nunchuck Games,2,52
3554,Infinigon,2,52
3555,FoxNext VR Studio,2,52
3556,Digital Jesters,3,51
3557,Graffiti Entertainment,6,51
3558,RCMADIAX,3,51
3559,Visual Imagination Software,3,51
3560,Studio Zan,1,51
3561,Stickmen Studios,5,51
3562,GFI,1,51
3563,Personae Studios,1,51
3564,F84 Games,1,51
3565,Winking Entertainment Corporation,1,51
3566,Yoostar Entertainment Group,3,51
3567,SiuYiu Limited,1,51
3568,WHY Ideas,1,51
3569,I-FRIQIYA,1,51
3570,GMT Games LLC,1,51
3571,Marcus Eckert,1,51
3572,Gaming Corps,1,51
3573,SEGA CORPORATION,1,51
3574,Yanim Studio,2,51
3575,Happy Dance Games,1,51
3576,Garage 227,1,51
3577,Winking Entertainment,1,51
3578,Starsign,1,51
3579,V7 Entertainment Inc.,3,51
3580,Movie Games,1,51
3581,Tragnarion Studios,3,51
3582,Eurocenter,2,51
3583,"Vogster Entertainment, LLC",2,51
3584,Brain Slap Studio,2,51
3585,Outright Games,4,51
3586,Robomodo,8,50
3587,Mindscape Inc.,3,50
3588,Mindscape,3,50
3589,Storm City Games,7,50
3590,Oxygen Interactive,1,50
3591,Evolved Games,1,50
3592,Kuma Reality Games,1,50
3593,Planetwide Games,1,50
3594,SVG Distribution,1,50
3595,"Seed Studios, Lda",2,50
3596,QuantumSquid Interactive,1,50
3597,Game Hive,1,50
3598,DreamBox Games,1,50
3599,Nicolas Intoxicate,1,50
3600,Nicholas Games,1,50
3601,Lapland Studio Ltd,1,50
3602,Game Hive Corp.,1,50
3603,Escape Hatch Entertainment,1,50
3604,Ilusis Interactive Graphics,1,50
3605,Saibot Studios,1,50
3606,Action Mobile Games,1,50
3607,Fishcow Studio,1,50
3608,Game Hive Corporation,1,50
3609,Psytec Games Ltd,2,50
3610,Studios Illogika,1,50
3611,Still Games,1,50
3612,TallTech studio,1,50
3613,Lukas Navratil,1,50
3614,Oointah,1,50
3615,Truant Pixel,1,50
3616,Exploding Tuba Studios,1,50
3617,Mighty Studios LLC,1,50
3618,Screaming Villains,1,50
3619,Zushi Games Ltd,2,50
3620,Summitsoft Entertainment,2,50
3621,Jump Games Pvt.Ltd.,2,50
3622,InterServ International,3,49
3623,Recotechnology S.L.,3,49
3624,EmuraSoft,1,49
3625,"Tiki Games, Inc.",2,49
3626,O Games,1,49
3627,Lima Sky,1,49
3628,"Fox Mobile Entertainment, Inc.",1,49
3629,"Mobila Interactive, LLC",1,49
3630,BlueGiant Interactive,2,49
3631,"Gelid Games, Inc.",1,49
3632,Nocturnal Works,1,49
3633,Creative Distribution Ltd,1,49
3634,Total Monkery,1,49
3635,GMG Play,1,49
3636,OXiAB Game Studio,1,49
3637,"Anvil Drop, LLC",1,49
3638,Selenion Games LLC,1,49
3639,Krewe Studios,1,49
3640,Red Column,1,49
3641,Culture Shock Games LLC,1,49
3642,Cosmoscope GmbH,1,49
3643,Ktulhu Solutions,1,49
3644,Codestalkers,1,49
3645,MLB.com,4,49
3646,Anuman Interactive,3,48
3647,Running With Scissors,6,48
3648,Gravity Corporation,2,48
3649,Smack Down Productions,1,48
3650,React Games,2,48
3651,Emotional Robots,1,48
3652,JMJ,1,48
3653,"3000AD, Inc",2,48
3654,VD-DEV,1,48
3655,No Pest Productions,1,48
3656,Suppressive Fire Games,1,48
3657,RocketWerkz,1,48
3658,RNC,1,48
3659,Hands-On Mobile,4,48
3660,Virtual Playground,2,48
3661,CHUDCHUD INDUSTRIES,2,48
3662,Epiphany Games,4,48
3663,Oasis Games,7,47
3664,The Code Monkeys,3,47
3665,CI Games,6,47
3666,The Game Creators,1,47
3667,OGPlanet,1,47
3668,Gaia Industries,3,47
3669,Cyborg Arm Games,2,47
3670,Beyond The Pillars,1,47
3671,TinyCo,1,47
3672,Basecamp Games,1,47
3673,"PowerUp Studios, Inc.",2,47
3674,Candella Software,1,47
3675,Equity Games Production,3,47
3676,345 Games,3,47
3677,Leviathan Games,2,47
3678,EM Studios,2,47
3679,Groove Games,1,46
3680,RiverMan Media,2,46
3681,Ateam,4,46
3682,IGS,1,46
3683,Medaverse Studios,1,46
3684,Bytemark Games Inc.,1,46
3685,Immanitas Entertainment GmbH,1,46
3686,Secret Tunnel Entertainment,1,46
3687,Circle 5 Studios,1,46
3688,Bitecore,2,46
3689,LABS Games,1,46
3690,Milky Tea Studios,3,46
3691,Maximum Family Games,5,46
3692,UIG Entertainment,2,46
3693,Psyop,2,46
3694,MLB AM,7,45
3695,Mud Duck Productions,9,45
3696,GolemLabs,2,45
3697,Xendex,1,45
3698,"Scholastic, Inc.",2,45
3699,"Joju Games, Inc.",1,45
3700,Vidia,1,45
3701,LA Cops Ltd,1,45
3702,Desert Owl Games LLC,1,45
3703,Big Star Games,1,45
3704,Comedy Central Games,2,45
3705,DNS Development,3,44
3706,Biart,3,44
3707,Frozen Codebase,7,44
3708,Freeverse Software,1,44
3709,TGC,1,44
3710,BITBOX S.L.,1,44
3711,Data Realms,1,44
3712,Playerthree,1,44
3713,Sonic Boom,1,44
3714,Sideline Amusements,1,44
3715,Rawkins Games,1,44
3716,Creaciones Interactivas,1,44
3717,Natsume Inc.,3,44
3718,Elecorn,2,44
3719,Mechanic Arms,5,43
3720,Brash Entertainment,8,43
3721,Sony Interactive Studios America,1,43
3722,Pompom Software,1,43
3723,Black Wing Foundation,2,43
3724,The LEGO Group,1,43
3725,Rendercode Games,1,43
3726,Vellum Interactive,1,43
3727,CODENRAMA,1,43
3728,NamcoBandai Games Inc.,1,43
3729,Fancy Fish Games,1,43
3730,Eyemobi,1,43
3731,We The Force,2,43
3732,NO cvt,1,43
3733,Richard Seabrook,1,43
3734,"Jam City, Inc.",1,43
3735,Arcade Distillery,1,43
3736,Xibalba Studios,2,43
3737,RLR Training Inc,2,43
3738,Big Deez Productions,4,42
3739,Magnum Games,1,42
3740,CokeM Interactive,1,42
3741,Solus Games,1,42
3742,keith curtis,1,42
3743,JV Games Inc.,2,42
3744,Youda Games,1,42
3745,Viewpoint Games,1,42
3746,Microforum,3,42
3747,Happion Laboratories,2,42
3748,Kwari,1,41
3749,Clear Crown Studios,1,41
3750,Mamba Games,2,41
3751,Zed Worldwide,1,41
3752,Beret Applications LLC,1,41
3753,ThreeGates,1,41
3754,Emobi Games,1,41
3755,No Reply Games ,1,41
3756,4PM GAME,1,41
3757,Good net technology co. Ltd,1,41
3758,Allied Kingdoms,2,41
3759,Digital Leisure Inc.,1,40
3760,Aventurine S.A.,2,40
3761,"Artix Entertainment, LLC",2,40
3762,Gameshastra Inc.,1,40
3763,Funbox Media,2,40
3764,WSITech,1,40
3765,Red Hare Studios,1,40
3766,Calvin Weibel,1,40
3767,Rudder Games,1,40
3768,Phantom 8,3,40
3769,DSI Games,2,40
3770,Anarchy Enterprises,1,39
3771,Big City Games,1,39
3772,Wild Hare Entertainment,1,39
3773,Worldwide Biggies,2,39
3774,Creability,1,39
3775,Rosebud Games,1,39
3776,P.M. Studios s.r.l,1,39
3777,Motor Trend Group,1,39
3778,Lion Castle,1,39
3779,Reef Entertainment,6,39
3780,Digital Leisure,1,38
3781,InfoBank,1,38
3782,Left Behind Games,1,38
3783,Homegrown Games,1,38
3784,Mana Bomb Game Studios,2,38
3785,Dynamic Pixels,1,38
3786,Ubiquitous Entertainment Inc.,1,38
3787,Casual Brothers,1,38
3788,Nekcom,1,38
3789,Skyworks Interactive,3,38
3790,Poisoft,3,37
3791,Hoplite Research,7,37
3792,The Game Room,1,37
3793,4 Corner Games,1,37
3794,Slam Dunk Studios,1,36
3795,Leuvsion,1,36
3796,Seven45 Studios,2,36
3797,Darkstar,1,36
3798,Vogelsap,1,36
3799,NEKO WORKs,1,36
3800,neko.works,1,36
3801,Paleo Entertainment,1,35
3802,Leon Brothers,2,35
3803,Electron Jump Games,2,35
3804,Nano Games sp. z o.o. (Ltd),1,35
3805,Actos Games,1,35
3806,Reversed Interactive,1,35
3807,Interactive Magic,1,34
3808,Skyworks Technologies,6,34
3809,Spiral Game Studios,2,34
3810,FireSky,2,34
3811,WHA Entertainment,1,33
3812,United Independent Entertainment,1,33
3813,Detn8,2,33
3814,Nordcurrent,6,32
3815,Anuman,1,32
3816,Anima Game Studio,1,32
3817,Microvalue,1,32
3818,Moonbite Games,2,32
3819,Deeli network,1,32
3820,Cartel Games,1,32
3821,Undercoders,1,31
3822,Version2Games Limited,1,31
3823,AGO Games,1,31
3824,Dino Dini,1,31
3825,JV Games,3,30
3826,Boll AG,1,30
3827,T&S Ltd.,2,30
3828,4pockets.com,2,30
3829,Carbon Fire Studio,1,30
3830,Snowrunner Games,1,30
3831,"Apogee Software, Ltd.",1,29
3832,E-One Studio,1,29
3833,Dreamatrix,1,29
3834,Zatun Game Studio,1,29
3835,Studio Calaris,2,29
3836,GameMill Entertainment,4,29
3837,Cyber Planet,3,28
3838,FrontLine Studios,3,28
3839,Ultizen Games,1,28
3840,Wander,1,28
3841,Brain Candy,1,27
3842,Mezmer Games,1,25
3843,"SQUARE ENIX Co., LTD.",1,25
3844,2020 Venture,1,24
3845,GameMill Publishing,2,23
3846,XeniosVision,1,22
3847,TreeFallStudios,2,22
3848,TreeFall Studios,2,22
3849,Funsta,3,21
3850,E-Games,2,20
3851,Arktos Entertainment,1,20
3852,Data Design Interactive,3,19
3853,nuGAME,1,19
3854,D2C Games,1,18
3855,Coresoft Inc.,1,18
3856,The Role Playing Company,1,18
3857,Crafty Studios,1,18
3858,baKno Games,1,17
3859,Cyberfront Korea Corp,1,17
3860,"Speedco Shooting Sports, Inc.",1,16
3861,Solar Studios,2,15
3862,Cooply Solutions,1,15
3863,Semaphore,1,11
